Position,Name + ID,Name,ID,Roster Position,Salary,Game Info,TeamAbbrev,AvgPointsPerGame
C,Connor McDavid (21265887),Connor McDavid,21265887,C/UTIL,9600,VGK@EDM 02/08/2022 09:00PM ET,EDM,16.75
LW,Alex Ovechkin (21266231),Alex Ovechkin,21266231,W/UTIL,8800,CLS@WAS 02/08/2022 07:00PM ET,WAS,17.64
C,Leon Draisaitl (21265889),Leon Draisaitl,21265889,C/UTIL,8800,VGK@EDM 02/08/2022 09:00PM ET,EDM,17.36
LW,Kyle Connor (21266233),Kyle Connor,21266233,W/UTIL,8600,MIN@WPG 02/08/2022 08:00PM ET,WPG,16.35
RW,David Pastrnak (21266235),David Pastrnak,21266235,W/UTIL,8500,PIT@BOS 02/08/2022 07:00PM ET,BOS,15.24
G,Frederik Andersen (21267339),Frederik Andersen,21267339,G,8500,CAR@OTT 02/08/2022 07:00PM ET,CAR,16.64
G,Antti Raanta (21267340),Antti Raanta,21267340,G,8500,CAR@OTT 02/08/2022 07:00PM ET,CAR,11.26
LW,Kirill Kaprizov (21266237),Kirill Kaprizov,21266237,W/UTIL,8400,MIN@WPG 02/08/2022 08:00PM ET,MIN,15.2
G,Vitek Vanecek (21267341),Vitek Vanecek,21267341,G,8300,CLS@WAS 02/08/2022 07:00PM ET,WAS,12.07
G,Ilya Samsonov (21267342),Ilya Samsonov,21267342,G,8300,CLS@WAS 02/08/2022 07:00PM ET,WAS,12.26
G,Jack Lafontaine (21267343),Jack Lafontaine,21267343,G,8300,CAR@OTT 02/08/2022 07:00PM ET,CAR,-4.55
G,Alex Lyon (21267344),Alex Lyon,21267344,G,8300,CAR@OTT 02/08/2022 07:00PM ET,CAR,14.15
G,Thatcher Demko (21267345),Thatcher Demko,21267345,G,8200,ARI@VAN 02/08/2022 10:00PM ET,VAN,14.63
G,Jaroslav Halak (21267346),Jaroslav Halak,21267346,G,8200,ARI@VAN 02/08/2022 10:00PM ET,VAN,11.83
LW,Max Pacioretty (21266239),Max Pacioretty,21266239,W/UTIL,8200,VGK@EDM 02/08/2022 09:00PM ET,VGK,17.3
G,Zach Fucale (21267347),Zach Fucale,21267347,G,8100,CLS@WAS 02/08/2022 07:00PM ET,WAS,9.3
G,Michael DiPietro (21267350),Michael DiPietro,21267350,G,8000,ARI@VAN 02/08/2022 10:00PM ET,VAN,-0.7
G,Spencer Martin (21267351),Spencer Martin,21267351,G,8000,ARI@VAN 02/08/2022 10:00PM ET,VAN,24.87
G,Cam Talbot (21267348),Cam Talbot,21267348,G,8000,MIN@WPG 02/08/2022 08:00PM ET,MIN,14.84
G,Kaapo Kahkonen (21267349),Kaapo Kahkonen,21267349,G,8000,MIN@WPG 02/08/2022 08:00PM ET,MIN,16.42
G,Linus Ullmark (21267352),Linus Ullmark,21267352,G,7900,PIT@BOS 02/08/2022 07:00PM ET,BOS,14.63
G,Tuukka Rask (21267353),Tuukka Rask,21267353,G,7900,PIT@BOS 02/08/2022 07:00PM ET,BOS,4.05
G,Andrew Hammond (21267356),Andrew Hammond,21267356,G,7800,MIN@WPG 02/08/2022 08:00PM ET,MIN,0
G,Sam Montembeault (21267354),Sam Montembeault,21267354,G,7800,NJ@MON 02/08/2022 07:00PM ET,MON,8.95
G,Cayden Primeau (21267355),Cayden Primeau,21267355,G,7800,NJ@MON 02/08/2022 07:00PM ET,MON,7.39
G,Jeremy Swayman (21267361),Jeremy Swayman,21267361,G,7700,PIT@BOS 02/08/2022 07:00PM ET,BOS,12.78
G,Robin Lehner (21267357),Robin Lehner,21267357,G,7700,VGK@EDM 02/08/2022 09:00PM ET,VGK,13.86
G,Mikko Koskinen (21267358),Mikko Koskinen,21267358,G,7700,VGK@EDM 02/08/2022 09:00PM ET,EDM,13.04
G,Laurent Brossoit (21267359),Laurent Brossoit,21267359,G,7700,VGK@EDM 02/08/2022 09:00PM ET,VGK,9.91
G,Mike Smith (21267360),Mike Smith,21267360,G,7700,VGK@EDM 02/08/2022 09:00PM ET,EDM,13.17
G,Jon Gillies (21267362),Jon Gillies,21267362,G,7600,NJ@MON 02/08/2022 07:00PM ET,NJ,8.77
G,Nico Daws (21267363),Nico Daws,21267363,G,7600,NJ@MON 02/08/2022 07:00PM ET,NJ,3.87
G,Jake Allen (21267364),Jake Allen,21267364,G,7600,NJ@MON 02/08/2022 07:00PM ET,MON,10.62
LW,Jake Guentzel (21266241),Jake Guentzel,21266241,W/UTIL,7500,PIT@BOS 02/08/2022 07:00PM ET,PIT,15.06
G,Tristan Jarry (21267365),Tristan Jarry,21267365,G,7500,PIT@BOS 02/08/2022 07:00PM ET,PIT,15.78
G,Casey DeSmith (21267366),Casey DeSmith,21267366,G,7500,PIT@BOS 02/08/2022 07:00PM ET,PIT,9.39
C,Sebastian Aho (21265891),Sebastian Aho,21265891,C/UTIL,7500,CAR@OTT 02/08/2022 07:00PM ET,CAR,13.04
G,Olivier Rodrigue (21267367),Olivier Rodrigue,21267367,G,7500,VGK@EDM 02/08/2022 09:00PM ET,EDM,0
G,Logan Thompson (21267368),Logan Thompson,21267368,G,7500,VGK@EDM 02/08/2022 09:00PM ET,VGK,5.6
G,Stuart Skinner (21267369),Stuart Skinner,21267369,G,7500,VGK@EDM 02/08/2022 09:00PM ET,EDM,12.29
G,Connor Hellebuyck (21267370),Connor Hellebuyck,21267370,G,7400,MIN@WPG 02/08/2022 08:00PM ET,WPG,13.88
G,Eric Comrie (21267371),Eric Comrie,21267371,G,7400,MIN@WPG 02/08/2022 08:00PM ET,WPG,14.2
G,MacKenzie Blackwood (21267372),MacKenzie Blackwood,21267372,G,7400,NJ@MON 02/08/2022 07:00PM ET,NJ,10.61
G,Jonathan Bernier (21267373),Jonathan Bernier,21267373,G,7400,NJ@MON 02/08/2022 07:00PM ET,NJ,10.16
C,Sidney Crosby (21265893),Sidney Crosby,21265893,C/UTIL,7300,PIT@BOS 02/08/2022 07:00PM ET,PIT,12.98
LW,Brad Marchand (21266243),Brad Marchand,21266243,W/UTIL,7300,PIT@BOS 02/08/2022 07:00PM ET,BOS,14.7
G,Louis Domingue (21267374),Louis Domingue,21267374,G,7300,PIT@BOS 02/08/2022 07:00PM ET,PIT,33.5
G,Karel Vejmelka (21267375),Karel Vejmelka,21267375,G,7200,ARI@VAN 02/08/2022 10:00PM ET,ARI,11.59
G,Scott Wedgewood (21267376),Scott Wedgewood,21267376,G,7200,ARI@VAN 02/08/2022 10:00PM ET,ARI,10.65
D,Darnell Nurse (21266795),Darnell Nurse,21266795,D/UTIL,7200,VGK@EDM 02/08/2022 09:00PM ET,EDM,12.4
G,Mikhail Berdin (21267377),Mikhail Berdin,21267377,G,7200,MIN@WPG 02/08/2022 08:00PM ET,WPG,0
G,Joonas Korpisalo (21267378),Joonas Korpisalo,21267378,G,7100,CLS@WAS 02/08/2022 07:00PM ET,CLS,9.18
G,Elvis Merzlikins (21267379),Elvis Merzlikins,21267379,G,7100,CLS@WAS 02/08/2022 07:00PM ET,CLS,13.98
RW,Bryan Rust (21266245),Bryan Rust,21266245,W/UTIL,7100,PIT@BOS 02/08/2022 07:00PM ET,PIT,15.68
C,Patrice Bergeron (21265895),Patrice Bergeron,21265895,C/UTIL,7000,PIT@BOS 02/08/2022 07:00PM ET,BOS,12.94
D,Kris Letang (21266797),Kris Letang,21266797,D/UTIL,7000,PIT@BOS 02/08/2022 07:00PM ET,PIT,13.36
G,Carter Hutton (21267380),Carter Hutton,21267380,G,7000,ARI@VAN 02/08/2022 10:00PM ET,ARI,-7.47
G,Ivan Prosvetov (21267381),Ivan Prosvetov,21267381,G,7000,ARI@VAN 02/08/2022 10:00PM ET,ARI,11.95
G,Daniil Tarasov (21267384),Daniil Tarasov,21267384,G,6900,CLS@WAS 02/08/2022 07:00PM ET,CLS,12.08
G,Anton Forsberg (21267382),Anton Forsberg,21267382,G,6900,CAR@OTT 02/08/2022 07:00PM ET,OTT,12.23
G,Matt Murray (21267383),Matt Murray,21267383,G,6900,CAR@OTT 02/08/2022 07:00PM ET,OTT,13.73
RW,Nikolaj Ehlers (21266247),Nikolaj Ehlers,21266247,W/UTIL,6900,MIN@WPG 02/08/2022 08:00PM ET,WPG,12.78
G,Filip Gustavsson (21267385),Filip Gustavsson,21267385,G,6700,CAR@OTT 02/08/2022 07:00PM ET,OTT,10.39
D,Alex Pietrangelo (21266799),Alex Pietrangelo,21266799,D/UTIL,6700,VGK@EDM 02/08/2022 09:00PM ET,VGK,12.35
C,Mark Scheifele (21265897),Mark Scheifele,21265897,C/UTIL,6700,MIN@WPG 02/08/2022 08:00PM ET,WPG,10.27
RW,Mats Zuccarello (21266249),Mats Zuccarello,21266249,W/UTIL,6700,MIN@WPG 02/08/2022 08:00PM ET,MIN,12.2
G,Jet Greaves (21267388),Jet Greaves,21267388,G,6500,CLS@WAS 02/08/2022 07:00PM ET,CLS,0
G,Emerik Despatie (21267389),Emerik Despatie,21267389,G,6500,CLS@WAS 02/08/2022 07:00PM ET,CLS,0
G,J-F Berube (21267390),J-F Berube,21267390,G,6500,CLS@WAS 02/08/2022 07:00PM ET,CLS,0
G,Cameron Johnson (21267391),Cameron Johnson,21267391,G,6500,CLS@WAS 02/08/2022 07:00PM ET,CLS,0
G,Evan Moyse (21267392),Evan Moyse,21267392,G,6500,CLS@WAS 02/08/2022 07:00PM ET,CLS,0
G,Pheonix Copley (21267402),Pheonix Copley,21267402,G,6500,CLS@WAS 02/08/2022 07:00PM ET,WAS,11.2
G,Hunter Shepard (21267403),Hunter Shepard,21267403,G,6500,CLS@WAS 02/08/2022 07:00PM ET,WAS,0
G,Garin Bjorklund (21267404),Garin Bjorklund,21267404,G,6500,CLS@WAS 02/08/2022 07:00PM ET,WAS,0
G,Callum Booth (21267393),Callum Booth,21267393,G,6500,PIT@BOS 02/08/2022 07:00PM ET,BOS,0
G,Jeremy Brodeur (21267394),Jeremy Brodeur,21267394,G,6500,PIT@BOS 02/08/2022 07:00PM ET,BOS,0
G,Troy Grosenick (21267395),Troy Grosenick,21267395,G,6500,PIT@BOS 02/08/2022 07:00PM ET,BOS,0
G,Kyle Keyser (21267396),Kyle Keyser,21267396,G,6500,PIT@BOS 02/08/2022 07:00PM ET,BOS,0
G,Filip Lindberg (21267423),Filip Lindberg,21267423,G,6500,PIT@BOS 02/08/2022 07:00PM ET,PIT,0
G,Alex D'Orio (21267424),Alex D'Orio,21267424,G,6500,PIT@BOS 02/08/2022 07:00PM ET,PIT,0
G,Tommy Nappier (21267425),Tommy Nappier,21267425,G,6500,PIT@BOS 02/08/2022 07:00PM ET,PIT,0
G,Rylan Toth (21267400),Rylan Toth,21267400,G,6500,ARI@VAN 02/08/2022 10:00PM ET,VAN,0
G,Arturs Silovs (21267401),Arturs Silovs,21267401,G,6500,ARI@VAN 02/08/2022 10:00PM ET,VAN,0
G,Josef Korenar (21267405),Josef Korenar,21267405,G,6500,ARI@VAN 02/08/2022 10:00PM ET,ARI,0
G,David Tendeck (21267406),David Tendeck,21267406,G,6500,ARI@VAN 02/08/2022 10:00PM ET,ARI,0
G,Anson Thornton (21267407),Anson Thornton,21267407,G,6500,ARI@VAN 02/08/2022 10:00PM ET,ARI,0
D,Tony DeAngelo (21266801),Tony DeAngelo,21266801,D/UTIL,6500,CAR@OTT 02/08/2022 07:00PM ET,CAR,10.67
G,Eetu Makiniemi (21267415),Eetu Makiniemi,21267415,G,6500,CAR@OTT 02/08/2022 07:00PM ET,CAR,0
G,Pyotr Kochetkov (21267416),Pyotr Kochetkov,21267416,G,6500,CAR@OTT 02/08/2022 07:00PM ET,CAR,0
G,Beck Warm (21267417),Beck Warm,21267417,G,6500,CAR@OTT 02/08/2022 07:00PM ET,CAR,0
G,Dylan Wells (21267418),Dylan Wells,21267418,G,6500,CAR@OTT 02/08/2022 07:00PM ET,CAR,0
G,Kevin Mandolese (21267426),Kevin Mandolese,21267426,G,6500,CAR@OTT 02/08/2022 07:00PM ET,OTT,0
G,Leevi Merilainen (21267427),Leevi Merilainen,21267427,G,6500,CAR@OTT 02/08/2022 07:00PM ET,OTT,0
G,Mads Sogaard (21267428),Mads Sogaard,21267428,G,6500,CAR@OTT 02/08/2022 07:00PM ET,OTT,0
G,Jiri Patera (21267412),Jiri Patera,21267412,G,6500,VGK@EDM 02/08/2022 09:00PM ET,VGK,0
G,Jesper Vikman (21267413),Jesper Vikman,21267413,G,6500,VGK@EDM 02/08/2022 09:00PM ET,VGK,0
G,Dylan Ferguson (21267414),Dylan Ferguson,21267414,G,6500,VGK@EDM 02/08/2022 09:00PM ET,VGK,0
G,Alex Stalock (21267421),Alex Stalock,21267421,G,6500,VGK@EDM 02/08/2022 09:00PM ET,EDM,0
G,Ilya Konovalov (21267422),Ilya Konovalov,21267422,G,6500,VGK@EDM 02/08/2022 09:00PM ET,EDM,0
G,Philippe Desrosiers (21267419),Philippe Desrosiers,21267419,G,6500,MIN@WPG 02/08/2022 08:00PM ET,WPG,0
G,Arvid Holm (21267420),Arvid Holm,21267420,G,6500,MIN@WPG 02/08/2022 08:00PM ET,WPG,0
G,Trevin Kozlowski (21267429),Trevin Kozlowski,21267429,G,6500,MIN@WPG 02/08/2022 08:00PM ET,MIN,0
G,Dereck Baribeau (21267430),Dereck Baribeau,21267430,G,6500,MIN@WPG 02/08/2022 08:00PM ET,MIN,0
G,Hunter Jones (21267431),Hunter Jones,21267431,G,6500,MIN@WPG 02/08/2022 08:00PM ET,MIN,0
G,Zane McIntyre (21267432),Zane McIntyre,21267432,G,6500,MIN@WPG 02/08/2022 08:00PM ET,MIN,0
G,Carey Price (21267386),Carey Price,21267386,G,6500,NJ@MON 02/08/2022 07:00PM ET,MON,0
G,Michael McNiven (21267387),Michael McNiven,21267387,G,6500,NJ@MON 02/08/2022 07:00PM ET,MON,-7.7
G,Kevin Poulin (21267397),Kevin Poulin,21267397,G,6500,NJ@MON 02/08/2022 07:00PM ET,MON,0
G,Joe Vrbetic (21267398),Joe Vrbetic,21267398,G,6500,NJ@MON 02/08/2022 07:00PM ET,MON,0
G,Alexis Gravel (21267399),Alexis Gravel,21267399,G,6500,NJ@MON 02/08/2022 07:00PM ET,MON,0
G,Kyle Shapiro (21267408),Kyle Shapiro,21267408,G,6500,NJ@MON 02/08/2022 07:00PM ET,NJ,0
G,Akira Schmid (21267409),Akira Schmid,21267409,G,6500,NJ@MON 02/08/2022 07:00PM ET,NJ,0
G,Mareks Mitens (21267410),Mareks Mitens,21267410,G,6500,NJ@MON 02/08/2022 07:00PM ET,NJ,0
G,Corey Crawford (21267411),Corey Crawford,21267411,G,6500,NJ@MON 02/08/2022 07:00PM ET,NJ,0
LW,Andrei Svechnikov (21266251),Andrei Svechnikov,21266251,W/UTIL,6400,CAR@OTT 02/08/2022 07:00PM ET,CAR,11.89
C,Ryan Hartman (21265899),Ryan Hartman,21265899,C/UTIL,6400,MIN@WPG 02/08/2022 08:00PM ET,MIN,11.96
D,John Carlson (21266803),John Carlson,21266803,D/UTIL,6300,CLS@WAS 02/08/2022 07:00PM ET,WAS,10.9
D,Thomas Chabot (21266805),Thomas Chabot,21266805,D/UTIL,6200,CAR@OTT 02/08/2022 07:00PM ET,OTT,10.5
LW,Jonathan Marchessault (21266253),Jonathan Marchessault,21266253,W/UTIL,6200,VGK@EDM 02/08/2022 09:00PM ET,VGK,11.81
C,Pierre-Luc Dubois (21265901),Pierre-Luc Dubois,21265901,C/UTIL,6200,MIN@WPG 02/08/2022 08:00PM ET,WPG,10.85
C,Evgeni Malkin (21265903),Evgeni Malkin,21265903,C/UTIL,6100,PIT@BOS 02/08/2022 07:00PM ET,PIT,12.38
D,Evan Bouchard (21266807),Evan Bouchard,21266807,D/UTIL,6100,VGK@EDM 02/08/2022 09:00PM ET,EDM,9.86
D,Zach Werenski (21266809),Zach Werenski,21266809,D/UTIL,6000,CLS@WAS 02/08/2022 07:00PM ET,CLS,11.56
LW,Brady Tkachuk (21266255),Brady Tkachuk,21266255,W/UTIL,6000,CAR@OTT 02/08/2022 07:00PM ET,OTT,12.1
C,Jack Hughes (21265905),Jack Hughes,21265905,C/UTIL,6000,NJ@MON 02/08/2022 07:00PM ET,NJ,12.76
D,Shea Theodore (21266811),Shea Theodore,21266811,D/UTIL,5900,VGK@EDM 02/08/2022 09:00PM ET,VGK,10.42
LW,Kevin Fiala (21266257),Kevin Fiala,21266257,W/UTIL,5900,MIN@WPG 02/08/2022 08:00PM ET,MIN,11.1
D,Charlie McAvoy (21266813),Charlie McAvoy,21266813,D/UTIL,5800,PIT@BOS 02/08/2022 07:00PM ET,BOS,10.89
LW,Evander Kane (21266259),Evander Kane,21266259,W/UTIL,5800,VGK@EDM 02/08/2022 09:00PM ET,EDM,12.27
C,Evgeny Kuznetsov (21265907),Evgeny Kuznetsov,21265907,C/UTIL,5700,CLS@WAS 02/08/2022 07:00PM ET,WAS,11.84
D,Jakob Chychrun (21266815),Jakob Chychrun,21266815,D/UTIL,5600,ARI@VAN 02/08/2022 10:00PM ET,ARI,8.98
C,Josh Norris (21265909),Josh Norris,21265909,C/UTIL,5600,CAR@OTT 02/08/2022 07:00PM ET,OTT,11.06
RW,Drake Batherson (21266261),Drake Batherson,21266261,W/UTIL,5600,CAR@OTT 02/08/2022 07:00PM ET,OTT,11.91
C,Boone Jenner (21265911),Boone Jenner,21265911,C/UTIL,5500,CLS@WAS 02/08/2022 07:00PM ET,CLS,10.94
LW,Clayton Keller (21266263),Clayton Keller,21266263,W/UTIL,5500,ARI@VAN 02/08/2022 10:00PM ET,ARI,11.42
C,Joel Eriksson Ek (21265913),Joel Eriksson Ek,21265913,C/UTIL,5400,MIN@WPG 02/08/2022 08:00PM ET,MIN,10.58
RW,Tyler Toffoli (21266265),Tyler Toffoli,21266265,W/UTIL,5400,NJ@MON 02/08/2022 07:00PM ET,MON,9.81
D,Dougie Hamilton (21266817),Dougie Hamilton,21266817,D/UTIL,5400,NJ@MON 02/08/2022 07:00PM ET,NJ,12.94
C,Vincent Trocheck (21265915),Vincent Trocheck,21265915,C/UTIL,5300,CAR@OTT 02/08/2022 07:00PM ET,CAR,7.96
RW,Blake Wheeler (21266267),Blake Wheeler,21266267,W/UTIL,5300,MIN@WPG 02/08/2022 08:00PM ET,WPG,8.81
C,J.T. Miller (21265917),J.T. Miller,21265917,C/UTIL,5200,ARI@VAN 02/08/2022 10:00PM ET,VAN,11.69
RW,Mark Stone (21266269),Mark Stone,21266269,W/UTIL,5200,VGK@EDM 02/08/2022 09:00PM ET,VGK,10.66
D,Jaccob Slavin (21266819),Jaccob Slavin,21266819,D/UTIL,5100,CAR@OTT 02/08/2022 07:00PM ET,CAR,9.47
RW,Jesse Puljujarvi (21266271),Jesse Puljujarvi,21266271,W/UTIL,5100,VGK@EDM 02/08/2022 09:00PM ET,EDM,8.82
LW,Teuvo Teravainen (21266273),Teuvo Teravainen,21266273,W/UTIL,5000,CAR@OTT 02/08/2022 07:00PM ET,CAR,10.52
C,Ryan Nugent-Hopkins (21265919),Ryan Nugent-Hopkins,21265919,C/UTIL,5000,VGK@EDM 02/08/2022 09:00PM ET,EDM,10.18
RW,Tom Wilson (21266275),Tom Wilson,21266275,W/UTIL,4900,CLS@WAS 02/08/2022 07:00PM ET,WAS,8.81
D,Jared Spurgeon (21266821),Jared Spurgeon,21266821,D/UTIL,4900,MIN@WPG 02/08/2022 08:00PM ET,MIN,7.87
RW,Patrik Laine (21266277),Patrik Laine,21266277,W/UTIL,4800,CLS@WAS 02/08/2022 07:00PM ET,CLS,10.81
D,Shayne Gostisbehere (21266823),Shayne Gostisbehere,21266823,D/UTIL,4800,ARI@VAN 02/08/2022 10:00PM ET,ARI,9.03
C,Tim Stuetzle (21265921),Tim Stuetzle,21265921,C/UTIL,4800,CAR@OTT 02/08/2022 07:00PM ET,OTT,8.18
C,Nicklas Backstrom (21265923),Nicklas Backstrom,21265923,C/UTIL,4700,CLS@WAS 02/08/2022 07:00PM ET,WAS,9.21
LW,Andrew Copp (21266279),Andrew Copp,21266279,W/UTIL,4700,MIN@WPG 02/08/2022 08:00PM ET,WPG,10.41
D,Neal Pionk (21266825),Neal Pionk,21266825,D/UTIL,4700,MIN@WPG 02/08/2022 08:00PM ET,WPG,7.78
D,Alec Martinez (21266827),Alec Martinez,21266827,D/UTIL,4600,VGK@EDM 02/08/2022 09:00PM ET,VGK,8.13
C,Nick Suzuki (21265925),Nick Suzuki,21265925,C/UTIL,4600,NJ@MON 02/08/2022 07:00PM ET,MON,8.87
RW,Jesper Bratt (21266281),Jesper Bratt,21266281,W/UTIL,4600,NJ@MON 02/08/2022 07:00PM ET,NJ,10.96
RW,Brock Boeser (21266283),Brock Boeser,21266283,W/UTIL,4500,ARI@VAN 02/08/2022 10:00PM ET,VAN,9.78
D,Quinn Hughes (21266829),Quinn Hughes,21266829,D/UTIL,4500,ARI@VAN 02/08/2022 10:00PM ET,VAN,8.24
C,William Karlsson (21265927),William Karlsson,21265927,C/UTIL,4500,VGK@EDM 02/08/2022 09:00PM ET,VGK,7.38
LW,Zach Hyman (21266285),Zach Hyman,21266285,W/UTIL,4500,VGK@EDM 02/08/2022 09:00PM ET,EDM,9.61
LW,Elias Pettersson (21266287),Elias Pettersson,21266287,W/UTIL,4400,ARI@VAN 02/08/2022 10:00PM ET,VAN,7.71
RW,Reilly Smith (21266289),Reilly Smith,21266289,W/UTIL,4400,VGK@EDM 02/08/2022 09:00PM ET,VGK,9.28
D,Matt Dumba (21266833),Matt Dumba,21266833,D/UTIL,4400,MIN@WPG 02/08/2022 08:00PM ET,MIN,8.94
D,Damon Severson (21266831),Damon Severson,21266831,D/UTIL,4400,NJ@MON 02/08/2022 07:00PM ET,NJ,8.63
RW,Oliver Bjorkstrand (21266291),Oliver Bjorkstrand,21266291,W/UTIL,4300,CLS@WAS 02/08/2022 07:00PM ET,CLS,9.27
C,Chandler Stephenson (21265929),Chandler Stephenson,21265929,C/UTIL,4300,VGK@EDM 02/08/2022 09:00PM ET,VGK,8.82
RW,Matt Boldy (21266293),Matt Boldy,21266293,W/UTIL,4300,MIN@WPG 02/08/2022 08:00PM ET,MIN,11.77
D,Josh Morrissey (21266835),Josh Morrissey,21266835,D/UTIL,4300,MIN@WPG 02/08/2022 08:00PM ET,WPG,7.46
D,Jonas Brodin (21266837),Jonas Brodin,21266837,D/UTIL,4300,MIN@WPG 02/08/2022 08:00PM ET,MIN,9.13
C,Jeff Carter (21265931),Jeff Carter,21265931,C/UTIL,4200,PIT@BOS 02/08/2022 07:00PM ET,PIT,10.4
RW,Evan Rodrigues (21266297),Evan Rodrigues,21266297,W/UTIL,4200,PIT@BOS 02/08/2022 07:00PM ET,PIT,10.83
D,Matt Grzelcyk (21266839),Matt Grzelcyk,21266839,D/UTIL,4200,PIT@BOS 02/08/2022 07:00PM ET,BOS,7.29
RW,Phil Kessel (21266295),Phil Kessel,21266295,W/UTIL,4200,ARI@VAN 02/08/2022 10:00PM ET,ARI,7.47
D,Nate Schmidt (21266841),Nate Schmidt,21266841,D/UTIL,4200,MIN@WPG 02/08/2022 08:00PM ET,WPG,7.65
RW,Craig Smith (21266299),Craig Smith,21266299,W/UTIL,4100,PIT@BOS 02/08/2022 07:00PM ET,BOS,7.08
D,Brady Skjei (21266845),Brady Skjei,21266845,D/UTIL,4100,CAR@OTT 02/08/2022 07:00PM ET,CAR,7.33
LW,Mike Hoffman (21266301),Mike Hoffman,21266301,W/UTIL,4100,NJ@MON 02/08/2022 07:00PM ET,MON,8.14
D,Ben Chiarot (21266843),Ben Chiarot,21266843,D/UTIL,4100,NJ@MON 02/08/2022 07:00PM ET,MON,7.54
D,Adam Boqvist (21266847),Adam Boqvist,21266847,D/UTIL,4000,CLS@WAS 02/08/2022 07:00PM ET,CLS,6.52
LW,Taylor Hall (21266305),Taylor Hall,21266305,W/UTIL,4000,PIT@BOS 02/08/2022 07:00PM ET,BOS,8.97
RW,Conor Garland (21266303),Conor Garland,21266303,W/UTIL,4000,ARI@VAN 02/08/2022 10:00PM ET,VAN,9.1
D,Ryan Graves (21266849),Ryan Graves,21266849,D/UTIL,4000,NJ@MON 02/08/2022 07:00PM ET,NJ,8.53
C,Bo Horvat (21265933),Bo Horvat,21265933,C/UTIL,3900,ARI@VAN 02/08/2022 10:00PM ET,VAN,9.87
LW,Tanner Pearson (21266307),Tanner Pearson,21266307,W/UTIL,3900,ARI@VAN 02/08/2022 10:00PM ET,VAN,8.3
D,Brayden McNabb (21266851),Brayden McNabb,21266851,D/UTIL,3900,VGK@EDM 02/08/2022 09:00PM ET,VGK,7.51
D,Alex Goligoski (21266853),Alex Goligoski,21266853,D/UTIL,3900,MIN@WPG 02/08/2022 08:00PM ET,MIN,7.53
RW,Brendan Gallagher (21266309),Brendan Gallagher,21266309,W/UTIL,3900,NJ@MON 02/08/2022 07:00PM ET,MON,7.02
D,Tyler Myers (21266855),Tyler Myers,21266855,D/UTIL,3800,ARI@VAN 02/08/2022 10:00PM ET,VAN,7.46
RW,Martin Necas (21266311),Martin Necas,21266311,W/UTIL,3800,CAR@OTT 02/08/2022 07:00PM ET,CAR,7.3
RW,Evgenii Dadonov (21266313),Evgenii Dadonov,21266313,W/UTIL,3800,VGK@EDM 02/08/2022 09:00PM ET,VGK,8.12
D,Tyson Barrie (21266857),Tyson Barrie,21266857,D/UTIL,3800,VGK@EDM 02/08/2022 09:00PM ET,EDM,7.66
RW,Seth Jarvis (21266315),Seth Jarvis,21266315,W/UTIL,3700,CAR@OTT 02/08/2022 07:00PM ET,CAR,6.52
LW,Nino Niederreiter (21266317),Nino Niederreiter,21266317,W/UTIL,3700,CAR@OTT 02/08/2022 07:00PM ET,CAR,7.68
D,Zach Whitecloud (21266861),Zach Whitecloud,21266861,D/UTIL,3700,VGK@EDM 02/08/2022 09:00PM ET,VGK,9.96
C,Nico Hischier (21265935),Nico Hischier,21265935,C/UTIL,3700,NJ@MON 02/08/2022 07:00PM ET,NJ,8.42
D,P.K. Subban (21266859),P.K. Subban,21266859,D/UTIL,3700,NJ@MON 02/08/2022 07:00PM ET,NJ,6.66
D,Brett Pesce (21266863),Brett Pesce,21266863,D/UTIL,3600,CAR@OTT 02/08/2022 07:00PM ET,CAR,7.58
RW,Kailer Yamamoto (21266321),Kailer Yamamoto,21266321,W/UTIL,3600,VGK@EDM 02/08/2022 09:00PM ET,EDM,4.98
D,Duncan Keith (21266865),Duncan Keith,21266865,D/UTIL,3600,VGK@EDM 02/08/2022 09:00PM ET,EDM,8.04
LW,Yegor Sharangovich (21266319),Yegor Sharangovich,21266319,W/UTIL,3600,NJ@MON 02/08/2022 07:00PM ET,NJ,6.4
LW,Jakub Voracek (21266323),Jakub Voracek,21266323,W/UTIL,3500,CLS@WAS 02/08/2022 07:00PM ET,CLS,7.23
LW,Lawson Crouse (21266325),Lawson Crouse,21266325,W/UTIL,3500,ARI@VAN 02/08/2022 10:00PM ET,ARI,7.71
D,Artem Zub (21266867),Artem Zub,21266867,D/UTIL,3500,CAR@OTT 02/08/2022 07:00PM ET,OTT,7.1
D,Dylan Coghlan (21266869),Dylan Coghlan,21266869,D/UTIL,3500,VGK@EDM 02/08/2022 09:00PM ET,VGK,6.55
C,Johan Larsson (21265937),Johan Larsson,21265937,C/UTIL,3400,ARI@VAN 02/08/2022 10:00PM ET,ARI,6.11
RW,Nils Hoglander (21266329),Nils Hoglander,21266329,W/UTIL,3400,ARI@VAN 02/08/2022 10:00PM ET,VAN,6.86
D,Nicolas Hague (21266873),Nicolas Hague,21266873,D/UTIL,3400,VGK@EDM 02/08/2022 09:00PM ET,VGK,8.18
D,Brenden Dillon (21266871),Brenden Dillon,21266871,D/UTIL,3400,MIN@WPG 02/08/2022 08:00PM ET,WPG,6.22
RW,Josh Anderson (21266327),Josh Anderson,21266327,W/UTIL,3400,NJ@MON 02/08/2022 07:00PM ET,MON,8.04
RW,Kasperi Kapanen (21266333),Kasperi Kapanen,21266333,W/UTIL,3300,PIT@BOS 02/08/2022 07:00PM ET,PIT,6.75
D,Brian Dumoulin (21266877),Brian Dumoulin,21266877,D/UTIL,3300,PIT@BOS 02/08/2022 07:00PM ET,PIT,7.46
RW,Cole Perfetti (21266331),Cole Perfetti,21266331,W/UTIL,3300,MIN@WPG 02/08/2022 08:00PM ET,WPG,4.07
D,Jeff Petry (21266875),Jeff Petry,21266875,D/UTIL,3300,NJ@MON 02/08/2022 07:00PM ET,MON,4.95
RW,T.J. Oshie (21266337),T.J. Oshie,21266337,W/UTIL,3200,CLS@WAS 02/08/2022 07:00PM ET,WAS,8.16
D,Mike Reilly (21266879),Mike Reilly,21266879,D/UTIL,3200,PIT@BOS 02/08/2022 07:00PM ET,BOS,5.95
D,Travis Hamonic (21266881),Travis Hamonic,21266881,D/UTIL,3200,ARI@VAN 02/08/2022 10:00PM ET,VAN,7.23
LW,Alex Formenton (21266335),Alex Formenton,21266335,W/UTIL,3200,CAR@OTT 02/08/2022 07:00PM ET,OTT,7.21
C,Frederick Gaudreau (21265939),Frederick Gaudreau,21265939,C/UTIL,3200,MIN@WPG 02/08/2022 08:00PM ET,MIN,6.28
LW,Christian Dvorak (21266339),Christian Dvorak,21266339,W/UTIL,3200,NJ@MON 02/08/2022 07:00PM ET,MON,7.83
RW,Conor Sheary (21266343),Conor Sheary,21266343,W/UTIL,3100,CLS@WAS 02/08/2022 07:00PM ET,WAS,7.42
D,Dmitry Orlov (21266885),Dmitry Orlov,21266885,D/UTIL,3100,CLS@WAS 02/08/2022 07:00PM ET,WAS,7.6
C,Charlie Coyle (21265943),Charlie Coyle,21265943,C/UTIL,3100,PIT@BOS 02/08/2022 07:00PM ET,BOS,6.46
LW,Jake DeBrusk (21266345),Jake DeBrusk,21266345,W/UTIL,3100,PIT@BOS 02/08/2022 07:00PM ET,BOS,6.74
C,Travis Boyd (21265941),Travis Boyd,21265941,C/UTIL,3100,ARI@VAN 02/08/2022 10:00PM ET,ARI,6.59
D,Oliver Ekman-Larsson (21266883),Oliver Ekman-Larsson,21266883,D/UTIL,3100,ARI@VAN 02/08/2022 10:00PM ET,VAN,6.79
D,Tucker Poolman (21266887),Tucker Poolman,21266887,D/UTIL,3100,ARI@VAN 02/08/2022 10:00PM ET,VAN,5.64
LW,Artturi Lehkonen (21266341),Artturi Lehkonen,21266341,W/UTIL,3100,NJ@MON 02/08/2022 07:00PM ET,MON,6.75
RW,Alexandre Texier (21266351),Alexandre Texier,21266351,W/UTIL,3000,CLS@WAS 02/08/2022 07:00PM ET,CLS,6.89
D,Jake Bean (21266891),Jake Bean,21266891,D/UTIL,3000,CLS@WAS 02/08/2022 07:00PM ET,CLS,6.57
D,Mike Matheson (21266889),Mike Matheson,21266889,D/UTIL,3000,PIT@BOS 02/08/2022 07:00PM ET,PIT,6.84
RW,Nick Schmaltz (21266347),Nick Schmaltz,21266347,W/UTIL,3000,ARI@VAN 02/08/2022 10:00PM ET,ARI,7.21
C,Jordan Staal (21265947),Jordan Staal,21265947,C/UTIL,3000,CAR@OTT 02/08/2022 07:00PM ET,CAR,4.72
RW,Connor Brown (21266349),Connor Brown,21266349,W/UTIL,3000,CAR@OTT 02/08/2022 07:00PM ET,OTT,8.54
C,Nicolas Roy (21265945),Nicolas Roy,21265945,C/UTIL,3000,VGK@EDM 02/08/2022 09:00PM ET,VGK,7.09
D,David Savard (21266893),David Savard,21266893,D/UTIL,3000,NJ@MON 02/08/2022 07:00PM ET,MON,6.62
LW,Gustav Nyquist (21266353),Gustav Nyquist,21266353,W/UTIL,2900,CLS@WAS 02/08/2022 07:00PM ET,CLS,6.73
D,Andrew Peeke (21266895),Andrew Peeke,21266895,D/UTIL,2900,CLS@WAS 02/08/2022 07:00PM ET,CLS,5.51
D,Trevor van Riemsdyk (21266899),Trevor van Riemsdyk,21266899,D/UTIL,2900,CLS@WAS 02/08/2022 07:00PM ET,WAS,6.65
C,Erik Haula (21265951),Erik Haula,21265951,C/UTIL,2900,PIT@BOS 02/08/2022 07:00PM ET,BOS,5.73
D,Dysin Mayo (21266897),Dysin Mayo,21266897,D/UTIL,2900,ARI@VAN 02/08/2022 10:00PM ET,ARI,6.18
RW,Tyler Ennis (21266355),Tyler Ennis,21266355,W/UTIL,2900,CAR@OTT 02/08/2022 07:00PM ET,OTT,6.32
LW,Marcus Foligno (21266357),Marcus Foligno,21266357,W/UTIL,2900,MIN@WPG 02/08/2022 08:00PM ET,MIN,8.18
C,Jake Evans (21265949),Jake Evans,21265949,C/UTIL,2900,NJ@MON 02/08/2022 07:00PM ET,MON,5.88
C,Lars Eller (21265953),Lars Eller,21265953,C/UTIL,2800,CLS@WAS 02/08/2022 07:00PM ET,WAS,6.45
D,Brandon Carlo (21266901),Brandon Carlo,21266901,D/UTIL,2800,PIT@BOS 02/08/2022 07:00PM ET,BOS,6.02
D,Janis Moser (21266903),Janis Moser,21266903,D/UTIL,2800,ARI@VAN 02/08/2022 10:00PM ET,ARI,4.7
C,Nick Paul (21265957),Nick Paul,21265957,C/UTIL,2800,CAR@OTT 02/08/2022 07:00PM ET,OTT,7.36
LW,Nolan Patrick (21266363),Nolan Patrick,21266363,W/UTIL,2800,VGK@EDM 02/08/2022 09:00PM ET,VGK,4.74
D,Cody Ceci (21266905),Cody Ceci,21266905,D/UTIL,2800,VGK@EDM 02/08/2022 09:00PM ET,EDM,6.37
LW,Paul Stastny (21266359),Paul Stastny,21266359,W/UTIL,2800,MIN@WPG 02/08/2022 08:00PM ET,WPG,7.62
LW,Jordan Greenway (21266361),Jordan Greenway,21266361,W/UTIL,2800,MIN@WPG 02/08/2022 08:00PM ET,MIN,5.41
D,Dylan Samberg (21266907),Dylan Samberg,21266907,D/UTIL,2800,MIN@WPG 02/08/2022 08:00PM ET,WPG,6.12
C,Dawson Mercer (21265955),Dawson Mercer,21265955,C/UTIL,2800,NJ@MON 02/08/2022 07:00PM ET,NJ,6.68
LW,Jonathan Drouin (21266365),Jonathan Drouin,21266365,W/UTIL,2800,NJ@MON 02/08/2022 07:00PM ET,MON,7.09
C,Cole Sillinger (21265959),Cole Sillinger,21265959,C/UTIL,2700,CLS@WAS 02/08/2022 07:00PM ET,CLS,6.71
C,Jack Roslovic (21265963),Jack Roslovic,21265963,C/UTIL,2700,CLS@WAS 02/08/2022 07:00PM ET,CLS,5.29
LW,Daniel Sprong (21266367),Daniel Sprong,21266367,W/UTIL,2700,CLS@WAS 02/08/2022 07:00PM ET,WAS,6.54
RW,Garnet Hathaway (21266373),Garnet Hathaway,21266373,W/UTIL,2700,CLS@WAS 02/08/2022 07:00PM ET,WAS,6.36
D,Vladislav Gavrikov (21266911),Vladislav Gavrikov,21266911,D/UTIL,2700,CLS@WAS 02/08/2022 07:00PM ET,CLS,6.35
D,Justin Schultz (21266915),Justin Schultz,21266915,D/UTIL,2700,CLS@WAS 02/08/2022 07:00PM ET,WAS,4.96
LW,Brock McGinn (21266369),Brock McGinn,21266369,W/UTIL,2700,PIT@BOS 02/08/2022 07:00PM ET,PIT,6.57
LW,Tyler Motte (21266371),Tyler Motte,21266371,W/UTIL,2700,ARI@VAN 02/08/2022 10:00PM ET,VAN,6.33
C,Jesperi Kotkaniemi (21265965),Jesperi Kotkaniemi,21265965,C/UTIL,2700,CAR@OTT 02/08/2022 07:00PM ET,CAR,5.6
C,Pavel Zacha (21265961),Pavel Zacha,21265961,C/UTIL,2700,NJ@MON 02/08/2022 07:00PM ET,NJ,7.37
RW,Tomas Tatar (21266375),Tomas Tatar,21266375,W/UTIL,2700,NJ@MON 02/08/2022 07:00PM ET,NJ,5.88
D,Jonas Siegenthaler (21266909),Jonas Siegenthaler,21266909,D/UTIL,2700,NJ@MON 02/08/2022 07:00PM ET,NJ,5.75
D,Alexander Romanov (21266913),Alexander Romanov,21266913,D/UTIL,2700,NJ@MON 02/08/2022 07:00PM ET,MON,6.09
LW,Max Domi (21266377),Max Domi,21266377,W/UTIL,2600,CLS@WAS 02/08/2022 07:00PM ET,CLS,6.87
D,Martin Fehervary (21266917),Martin Fehervary,21266917,D/UTIL,2600,CLS@WAS 02/08/2022 07:00PM ET,WAS,5.09
C,Tomas Nosek (21265969),Tomas Nosek,21265969,C/UTIL,2600,PIT@BOS 02/08/2022 07:00PM ET,BOS,4.18
D,John Marino (21266921),John Marino,21266921,D/UTIL,2600,PIT@BOS 02/08/2022 07:00PM ET,PIT,5.25
D,Urho Vaakanainen (21266923),Urho Vaakanainen,21266923,D/UTIL,2600,PIT@BOS 02/08/2022 07:00PM ET,BOS,4.15
C,Alex Galchenyuk (21265967),Alex Galchenyuk,21265967,C/UTIL,2600,ARI@VAN 02/08/2022 10:00PM ET,ARI,4.33
C,Barrett Hayton (21265975),Barrett Hayton,21265975,C/UTIL,2600,ARI@VAN 02/08/2022 10:00PM ET,ARI,3.9
RW,Andrew Ladd (21266383),Andrew Ladd,21266383,W/UTIL,2600,ARI@VAN 02/08/2022 10:00PM ET,ARI,4.01
D,Anton Stralman (21266919),Anton Stralman,21266919,D/UTIL,2600,ARI@VAN 02/08/2022 10:00PM ET,ARI,5.35
C,Chris Tierney (21265971),Chris Tierney,21265971,C/UTIL,2600,CAR@OTT 02/08/2022 07:00PM ET,OTT,4.44
LW,Zach Sanford (21266381),Zach Sanford,21266381,W/UTIL,2600,CAR@OTT 02/08/2022 07:00PM ET,OTT,5.72
LW,Warren Foegele (21266385),Warren Foegele,21266385,W/UTIL,2600,VGK@EDM 02/08/2022 09:00PM ET,EDM,5.4
D,Kris Russell (21266925),Kris Russell,21266925,D/UTIL,2600,VGK@EDM 02/08/2022 09:00PM ET,EDM,6.6
C,Ryan Poehling (21265973),Ryan Poehling,21265973,C/UTIL,2600,NJ@MON 02/08/2022 07:00PM ET,MON,4.64
LW,Andreas Johnsson (21266379),Andreas Johnsson,21266379,W/UTIL,2600,NJ@MON 02/08/2022 07:00PM ET,NJ,7.07
RW,Cole Caufield (21266387),Cole Caufield,21266387,W/UTIL,2600,NJ@MON 02/08/2022 07:00PM ET,MON,5.4
C,Sean Kuraly (21265987),Sean Kuraly,21265987,C/UTIL,2500,CLS@WAS 02/08/2022 07:00PM ET,CLS,5.66
C,Nic Dowd (21265991),Nic Dowd,21265991,C/UTIL,2500,CLS@WAS 02/08/2022 07:00PM ET,WAS,5.45
C,Nathan Gerbe (21266009),Nathan Gerbe,21266009,C/UTIL,2500,CLS@WAS 02/08/2022 07:00PM ET,CLS,0
C,Jake Slaker (21266033),Jake Slaker,21266033,C/UTIL,2500,CLS@WAS 02/08/2022 07:00PM ET,CLS,0
C,Peter Reynolds (21266035),Peter Reynolds,21266035,C/UTIL,2500,CLS@WAS 02/08/2022 07:00PM ET,CLS,0
C,Josh Dunne (21266037),Josh Dunne,21266037,C/UTIL,2500,CLS@WAS 02/08/2022 07:00PM ET,CLS,0
C,Tyler Sikura (21266039),Tyler Sikura,21266039,C/UTIL,2500,CLS@WAS 02/08/2022 07:00PM ET,CLS,0
C,Kaleb Lawrence (21266041),Kaleb Lawrence,21266041,C/UTIL,2500,CLS@WAS 02/08/2022 07:00PM ET,CLS,0
C,Tyler Angle (21266043),Tyler Angle,21266043,C/UTIL,2500,CLS@WAS 02/08/2022 07:00PM ET,CLS,0
C,Justin Scott (21266045),Justin Scott,21266045,C/UTIL,2500,CLS@WAS 02/08/2022 07:00PM ET,CLS,0
C,Cole Cassels (21266047),Cole Cassels,21266047,C/UTIL,2500,CLS@WAS 02/08/2022 07:00PM ET,CLS,0
C,Cole Fonstad (21266049),Cole Fonstad,21266049,C/UTIL,2500,CLS@WAS 02/08/2022 07:00PM ET,CLS,0
C,Jake Gaudet (21266051),Jake Gaudet,21266051,C/UTIL,2500,CLS@WAS 02/08/2022 07:00PM ET,CLS,0
C,Haakon Hanelt (21266093),Haakon Hanelt,21266093,C/UTIL,2500,CLS@WAS 02/08/2022 07:00PM ET,WAS,0
C,Mike Vecchione (21266095),Mike Vecchione,21266095,C/UTIL,2500,CLS@WAS 02/08/2022 07:00PM ET,WAS,0
C,Brian Pinho (21266097),Brian Pinho,21266097,C/UTIL,2500,CLS@WAS 02/08/2022 07:00PM ET,WAS,0
C,Shane Gersich (21266099),Shane Gersich,21266099,C/UTIL,2500,CLS@WAS 02/08/2022 07:00PM ET,WAS,0
C,Michael Sgarbossa (21266101),Michael Sgarbossa,21266101,C/UTIL,2500,CLS@WAS 02/08/2022 07:00PM ET,WAS,4.61
C,Bear Hughes (21266103),Bear Hughes,21266103,C/UTIL,2500,CLS@WAS 02/08/2022 07:00PM ET,WAS,0
C,Hendrix Lapierre (21266105),Hendrix Lapierre,21266105,C/UTIL,2500,CLS@WAS 02/08/2022 07:00PM ET,WAS,3.6
C,Garrett Pilon (21266107),Garrett Pilon,21266107,C/UTIL,2500,CLS@WAS 02/08/2022 07:00PM ET,WAS,5
LW,Joe Snively (21266389),Joe Snively,21266389,W/UTIL,2500,CLS@WAS 02/08/2022 07:00PM ET,WAS,5.02
RW,Emil Bemstrom (21266401),Emil Bemstrom,21266401,W/UTIL,2500,CLS@WAS 02/08/2022 07:00PM ET,CLS,5.05
LW,Aliaksei Protas (21266407),Aliaksei Protas,21266407,W/UTIL,2500,CLS@WAS 02/08/2022 07:00PM ET,WAS,3.79
RW,Yegor Chinakhov (21266427),Yegor Chinakhov,21266427,W/UTIL,2500,CLS@WAS 02/08/2022 07:00PM ET,CLS,4.76
LW,Brendan Gaunce (21266429),Brendan Gaunce,21266429,W/UTIL,2500,CLS@WAS 02/08/2022 07:00PM ET,CLS,0
RW,Brett Leason (21266443),Brett Leason,21266443,W/UTIL,2500,CLS@WAS 02/08/2022 07:00PM ET,WAS,3.69
LW,Carl Hagelin (21266445),Carl Hagelin,21266445,W/UTIL,2500,CLS@WAS 02/08/2022 07:00PM ET,WAS,3.49
LW,Eric Robinson (21266479),Eric Robinson,21266479,W/UTIL,2500,CLS@WAS 02/08/2022 07:00PM ET,CLS,5.06
LW,Connor McMichael (21266487),Connor McMichael,21266487,W/UTIL,2500,CLS@WAS 02/08/2022 07:00PM ET,WAS,5.21
LW,Justin Danforth (21266513),Justin Danforth,21266513,W/UTIL,2500,CLS@WAS 02/08/2022 07:00PM ET,CLS,4.9
LW,Anthony Mantha (21266529),Anthony Mantha,21266529,W/UTIL,2500,CLS@WAS 02/08/2022 07:00PM ET,WAS,7.48
LW,Gregory Hofmann (21266537),Gregory Hofmann,21266537,W/UTIL,2500,CLS@WAS 02/08/2022 07:00PM ET,CLS,4.35
LW,Adam Helewka (21266539),Adam Helewka,21266539,W/UTIL,2500,CLS@WAS 02/08/2022 07:00PM ET,CLS,0
RW,Martin Rysavy (21266541),Martin Rysavy,21266541,W/UTIL,2500,CLS@WAS 02/08/2022 07:00PM ET,CLS,0
LW,Ben Boyd (21266543),Ben Boyd,21266543,W/UTIL,2500,CLS@WAS 02/08/2022 07:00PM ET,CLS,0
RW,Zac Jordan (21266545),Zac Jordan,21266545,W/UTIL,2500,CLS@WAS 02/08/2022 07:00PM ET,CLS,0
RW,Trey Fix-Wolansky (21266547),Trey Fix-Wolansky,21266547,W/UTIL,2500,CLS@WAS 02/08/2022 07:00PM ET,CLS,0
LW,James Malatesta (21266549),James Malatesta,21266549,W/UTIL,2500,CLS@WAS 02/08/2022 07:00PM ET,CLS,0
LW,Brett Gallant (21266551),Brett Gallant,21266551,W/UTIL,2500,CLS@WAS 02/08/2022 07:00PM ET,CLS,0
RW,Liam Foudy (21266553),Liam Foudy,21266553,W/UTIL,2500,CLS@WAS 02/08/2022 07:00PM ET,CLS,1.5
RW,Kevin Stenlund (21266555),Kevin Stenlund,21266555,W/UTIL,2500,CLS@WAS 02/08/2022 07:00PM ET,CLS,2.37
RW,Carson Meyer (21266557),Carson Meyer,21266557,W/UTIL,2500,CLS@WAS 02/08/2022 07:00PM ET,CLS,0
LW,Tristan Mullin (21266559),Tristan Mullin,21266559,W/UTIL,2500,CLS@WAS 02/08/2022 07:00PM ET,CLS,0
LW,Zac Rinaldo (21266561),Zac Rinaldo,21266561,W/UTIL,2500,CLS@WAS 02/08/2022 07:00PM ET,CLS,0
LW,Navrin Mutter (21266563),Navrin Mutter,21266563,W/UTIL,2500,CLS@WAS 02/08/2022 07:00PM ET,CLS,0
LW,Kale Kessy (21266635),Kale Kessy,21266635,W/UTIL,2500,CLS@WAS 02/08/2022 07:00PM ET,WAS,0
RW,Kody Clark (21266637),Kody Clark,21266637,W/UTIL,2500,CLS@WAS 02/08/2022 07:00PM ET,WAS,0
LW,Mason Morelli (21266639),Mason Morelli,21266639,W/UTIL,2500,CLS@WAS 02/08/2022 07:00PM ET,WAS,0
LW,Damien Riat (21266641),Damien Riat,21266641,W/UTIL,2500,CLS@WAS 02/08/2022 07:00PM ET,WAS,0
LW,Beck Malenstyn (21266643),Beck Malenstyn,21266643,W/UTIL,2500,CLS@WAS 02/08/2022 07:00PM ET,WAS,2.72
LW,Axel Jonsson-Fjallby (21266645),Axel Jonsson-Fjallby,21266645,W/UTIL,2500,CLS@WAS 02/08/2022 07:00PM ET,WAS,2.49
RW,Riley Sutter (21266647),Riley Sutter,21266647,W/UTIL,2500,CLS@WAS 02/08/2022 07:00PM ET,WAS,0
D,Nick Jensen (21266937),Nick Jensen,21266937,D/UTIL,2500,CLS@WAS 02/08/2022 07:00PM ET,WAS,5.3
D,Gabriel Carlsson (21266947),Gabriel Carlsson,21266947,D/UTIL,2500,CLS@WAS 02/08/2022 07:00PM ET,CLS,3.38
D,Gavin Bayreuther (21266949),Gavin Bayreuther,21266949,D/UTIL,2500,CLS@WAS 02/08/2022 07:00PM ET,CLS,4.55
D,Dean Kukan (21266979),Dean Kukan,21266979,D/UTIL,2500,CLS@WAS 02/08/2022 07:00PM ET,CLS,4.2
D,Matt Irwin (21266991),Matt Irwin,21266991,D/UTIL,2500,CLS@WAS 02/08/2022 07:00PM ET,WAS,6.13
D,Dennis Cholowski (21267013),Dennis Cholowski,21267013,D/UTIL,2500,CLS@WAS 02/08/2022 07:00PM ET,WAS,3.03
D,Michal Kempny (21267019),Michal Kempny,21267019,D/UTIL,2500,CLS@WAS 02/08/2022 07:00PM ET,WAS,5.27
D,Tim Berni (21267021),Tim Berni,21267021,D/UTIL,2500,CLS@WAS 02/08/2022 07:00PM ET,CLS,0
D,Olivier Leblanc (21267023),Olivier Leblanc,21267023,D/UTIL,2500,CLS@WAS 02/08/2022 07:00PM ET,CLS,0
D,Mikko Lehtonen (21267025),Mikko Lehtonen,21267025,D/UTIL,2500,CLS@WAS 02/08/2022 07:00PM ET,CLS,0
D,Jake Christiansen (21267027),Jake Christiansen,21267027,D/UTIL,2500,CLS@WAS 02/08/2022 07:00PM ET,CLS,2.23
D,Gerard Keane (21267029),Gerard Keane,21267029,D/UTIL,2500,CLS@WAS 02/08/2022 07:00PM ET,CLS,0
D,Scott Harrington (21267031),Scott Harrington,21267031,D/UTIL,2500,CLS@WAS 02/08/2022 07:00PM ET,CLS,3.46
D,Ole Holm (21267033),Ole Holm,21267033,D/UTIL,2500,CLS@WAS 02/08/2022 07:00PM ET,CLS,0
D,Samuel Knazko (21267035),Samuel Knazko,21267035,D/UTIL,2500,CLS@WAS 02/08/2022 07:00PM ET,CLS,0
D,Giovanni Vallati (21267037),Giovanni Vallati,21267037,D/UTIL,2500,CLS@WAS 02/08/2022 07:00PM ET,CLS,0
D,Billy Sweezey (21267039),Billy Sweezey,21267039,D/UTIL,2500,CLS@WAS 02/08/2022 07:00PM ET,CLS,0
D,Thomas Schemitsch (21267041),Thomas Schemitsch,21267041,D/UTIL,2500,CLS@WAS 02/08/2022 07:00PM ET,CLS,0
D,Stanislav Svozil (21267043),Stanislav Svozil,21267043,D/UTIL,2500,CLS@WAS 02/08/2022 07:00PM ET,CLS,0
D,Cole Clayton (21267045),Cole Clayton,21267045,D/UTIL,2500,CLS@WAS 02/08/2022 07:00PM ET,CLS,0
D,Dillon Simpson (21267047),Dillon Simpson,21267047,D/UTIL,2500,CLS@WAS 02/08/2022 07:00PM ET,CLS,0
D,Mark Woolley (21267049),Mark Woolley,21267049,D/UTIL,2500,CLS@WAS 02/08/2022 07:00PM ET,CLS,0
D,Bobby Nardella (21267127),Bobby Nardella,21267127,D/UTIL,2500,CLS@WAS 02/08/2022 07:00PM ET,WAS,0
D,Eddie Wittchow (21267129),Eddie Wittchow,21267129,D/UTIL,2500,CLS@WAS 02/08/2022 07:00PM ET,WAS,0
D,Alexander Alexeyev (21267131),Alexander Alexeyev,21267131,D/UTIL,2500,CLS@WAS 02/08/2022 07:00PM ET,WAS,0
D,Tobias Geisser (21267133),Tobias Geisser,21267133,D/UTIL,2500,CLS@WAS 02/08/2022 07:00PM ET,WAS,0
D,Dylan McIlrath (21267135),Dylan McIlrath,21267135,D/UTIL,2500,CLS@WAS 02/08/2022 07:00PM ET,WAS,0
D,Dru Krebs (21267137),Dru Krebs,21267137,D/UTIL,2500,CLS@WAS 02/08/2022 07:00PM ET,WAS,0
D,Martin Has (21267139),Martin Has,21267139,D/UTIL,2500,CLS@WAS 02/08/2022 07:00PM ET,WAS,0
D,Cody Franson (21267141),Cody Franson,21267141,D/UTIL,2500,CLS@WAS 02/08/2022 07:00PM ET,WAS,0
D,Lucas Johansen (21267143),Lucas Johansen,21267143,D/UTIL,2500,CLS@WAS 02/08/2022 07:00PM ET,WAS,5
D,Vincent Iorio (21267145),Vincent Iorio,21267145,D/UTIL,2500,CLS@WAS 02/08/2022 07:00PM ET,WAS,0
C,Brian Boyle (21265985),Brian Boyle,21265985,C/UTIL,2500,PIT@BOS 02/08/2022 07:00PM ET,PIT,4.5
C,Michael Chaput (21266003),Michael Chaput,21266003,C/UTIL,2500,PIT@BOS 02/08/2022 07:00PM ET,PIT,0
C,Trent Frederic (21266011),Trent Frederic,21266011,C/UTIL,2500,PIT@BOS 02/08/2022 07:00PM ET,BOS,3.36
C,Teddy Blueger (21266027),Teddy Blueger,21266027,C/UTIL,2500,PIT@BOS 02/08/2022 07:00PM ET,PIT,6.08
C,Samuel Asselin (21266053),Samuel Asselin,21266053,C/UTIL,2500,PIT@BOS 02/08/2022 07:00PM ET,BOS,0
C,Ian McKinnon (21266055),Ian McKinnon,21266055,C/UTIL,2500,PIT@BOS 02/08/2022 07:00PM ET,BOS,0
C,Brett Harrison (21266057),Brett Harrison,21266057,C/UTIL,2500,PIT@BOS 02/08/2022 07:00PM ET,BOS,0
C,Jakub Lauko (21266059),Jakub Lauko,21266059,C/UTIL,2500,PIT@BOS 02/08/2022 07:00PM ET,BOS,0
C,Jack Studnicka (21266061),Jack Studnicka,21266061,C/UTIL,2500,PIT@BOS 02/08/2022 07:00PM ET,BOS,2.5
C,Curtis Hall (21266063),Curtis Hall,21266063,C/UTIL,2500,PIT@BOS 02/08/2022 07:00PM ET,BOS,0
C,Cameron Hughes (21266065),Cameron Hughes,21266065,C/UTIL,2500,PIT@BOS 02/08/2022 07:00PM ET,BOS,0
C,Justin Almeida (21266181),Justin Almeida,21266181,C/UTIL,2500,PIT@BOS 02/08/2022 07:00PM ET,PIT,0
C,Jordy Bellerive (21266183),Jordy Bellerive,21266183,C/UTIL,2500,PIT@BOS 02/08/2022 07:00PM ET,PIT,0
C,Jonathan Gruden (21266185),Jonathan Gruden,21266185,C/UTIL,2500,PIT@BOS 02/08/2022 07:00PM ET,PIT,0
C,Filip Hallander (21266187),Filip Hallander,21266187,C/UTIL,2500,PIT@BOS 02/08/2022 07:00PM ET,PIT,0
C,Samuel Houde (21266189),Samuel Houde,21266189,C/UTIL,2500,PIT@BOS 02/08/2022 07:00PM ET,PIT,0
C,Lukas Svejkovsky (21266191),Lukas Svejkovsky,21266191,C/UTIL,2500,PIT@BOS 02/08/2022 07:00PM ET,PIT,0
C,Felix Robert (21266193),Felix Robert,21266193,C/UTIL,2500,PIT@BOS 02/08/2022 07:00PM ET,PIT,0
RW,Curtis Lazar (21266403),Curtis Lazar,21266403,W/UTIL,2500,PIT@BOS 02/08/2022 07:00PM ET,BOS,5.18
LW,Radim Zohorna (21266421),Radim Zohorna,21266421,W/UTIL,2500,PIT@BOS 02/08/2022 07:00PM ET,PIT,3.47
LW,Anton Blidh (21266431),Anton Blidh,21266431,W/UTIL,2500,PIT@BOS 02/08/2022 07:00PM ET,BOS,3.66
RW,Oskar Steen (21266433),Oskar Steen,21266433,W/UTIL,2500,PIT@BOS 02/08/2022 07:00PM ET,BOS,4.25
LW,Zach Aston-Reese (21266467),Zach Aston-Reese,21266467,W/UTIL,2500,PIT@BOS 02/08/2022 07:00PM ET,PIT,3.96
RW,Dominik Simon (21266469),Dominik Simon,21266469,W/UTIL,2500,PIT@BOS 02/08/2022 07:00PM ET,PIT,3.57
LW,Nick Foligno (21266481),Nick Foligno,21266481,W/UTIL,2500,PIT@BOS 02/08/2022 07:00PM ET,BOS,4.68
RW,Valtteri Puustinen (21266503),Valtteri Puustinen,21266503,W/UTIL,2500,PIT@BOS 02/08/2022 07:00PM ET,PIT,0
LW,Danton Heinen (21266505),Danton Heinen,21266505,W/UTIL,2500,PIT@BOS 02/08/2022 07:00PM ET,PIT,6.36
LW,Jason Zucker (21266527),Jason Zucker,21266527,W/UTIL,2500,PIT@BOS 02/08/2022 07:00PM ET,PIT,7.95
RW,Steven Fogarty (21266565),Steven Fogarty,21266565,W/UTIL,2500,PIT@BOS 02/08/2022 07:00PM ET,BOS,1.5
RW,Jesper Froden (21266567),Jesper Froden,21266567,W/UTIL,2500,PIT@BOS 02/08/2022 07:00PM ET,BOS,4.3
RW,Alex-Olivier Voyer (21266569),Alex-Olivier Voyer,21266569,W/UTIL,2500,PIT@BOS 02/08/2022 07:00PM ET,BOS,0
LW,Joona Koppanen (21266571),Joona Koppanen,21266571,W/UTIL,2500,PIT@BOS 02/08/2022 07:00PM ET,BOS,0
RW,Chris Wagner (21266573),Chris Wagner,21266573,W/UTIL,2500,PIT@BOS 02/08/2022 07:00PM ET,BOS,0
LW,Eduards Tralmaks (21266575),Eduards Tralmaks,21266575,W/UTIL,2500,PIT@BOS 02/08/2022 07:00PM ET,BOS,0
RW,Fabian Lysell (21266577),Fabian Lysell,21266577,W/UTIL,2500,PIT@BOS 02/08/2022 07:00PM ET,BOS,0
LW,Matt Filipe (21266579),Matt Filipe,21266579,W/UTIL,2500,PIT@BOS 02/08/2022 07:00PM ET,BOS,0
RW,Zach Senyshyn (21266581),Zach Senyshyn,21266581,W/UTIL,2500,PIT@BOS 02/08/2022 07:00PM ET,BOS,0
RW,Nathan Legare (21266749),Nathan Legare,21266749,W/UTIL,2500,PIT@BOS 02/08/2022 07:00PM ET,PIT,0
RW,Raivis Ansons (21266751),Raivis Ansons,21266751,W/UTIL,2500,PIT@BOS 02/08/2022 07:00PM ET,PIT,0
RW,Anthony Angello (21266753),Anthony Angello,21266753,W/UTIL,2500,PIT@BOS 02/08/2022 07:00PM ET,PIT,3
LW,Alex Nylander (21266755),Alex Nylander,21266755,W/UTIL,2500,PIT@BOS 02/08/2022 07:00PM ET,PIT,0
LW,Sam Poulin (21266757),Sam Poulin,21266757,W/UTIL,2500,PIT@BOS 02/08/2022 07:00PM ET,PIT,0
RW,Josh Williams (21266759),Josh Williams,21266759,W/UTIL,2500,PIT@BOS 02/08/2022 07:00PM ET,PIT,0
LW,Jan Drozg (21266761),Jan Drozg,21266761,W/UTIL,2500,PIT@BOS 02/08/2022 07:00PM ET,PIT,0
RW,Kasper Bjorkqvist (21266763),Kasper Bjorkqvist,21266763,W/UTIL,2500,PIT@BOS 02/08/2022 07:00PM ET,PIT,3.85
RW,Kyle Olson (21266765),Kyle Olson,21266765,W/UTIL,2500,PIT@BOS 02/08/2022 07:00PM ET,PIT,0
LW,Drew O'Connor (21266767),Drew O'Connor,21266767,W/UTIL,2500,PIT@BOS 02/08/2022 07:00PM ET,PIT,4.89
D,Marcus Pettersson (21266941),Marcus Pettersson,21266941,D/UTIL,2500,PIT@BOS 02/08/2022 07:00PM ET,PIT,4.4
D,Derek Forbort (21266951),Derek Forbort,21266951,D/UTIL,2500,PIT@BOS 02/08/2022 07:00PM ET,BOS,4.95
D,Chad Ruhwedel (21266969),Chad Ruhwedel,21266969,D/UTIL,2500,PIT@BOS 02/08/2022 07:00PM ET,PIT,3.31
D,Connor Clifton (21266981),Connor Clifton,21266981,D/UTIL,2500,PIT@BOS 02/08/2022 07:00PM ET,BOS,4.12
D,Jakub Zboril (21266983),Jakub Zboril,21266983,D/UTIL,2500,PIT@BOS 02/08/2022 07:00PM ET,BOS,5.05
D,Mark Friedman (21267005),Mark Friedman,21267005,D/UTIL,2500,PIT@BOS 02/08/2022 07:00PM ET,PIT,4.7
D,Andrew Peski (21267051),Andrew Peski,21267051,D/UTIL,2500,PIT@BOS 02/08/2022 07:00PM ET,BOS,0
D,Aaron Ness (21267053),Aaron Ness,21267053,D/UTIL,2500,PIT@BOS 02/08/2022 07:00PM ET,BOS,0
D,Ryan Mast (21267055),Ryan Mast,21267055,D/UTIL,2500,PIT@BOS 02/08/2022 07:00PM ET,BOS,0
D,Jack Ahcan (21267057),Jack Ahcan,21267057,D/UTIL,2500,PIT@BOS 02/08/2022 07:00PM ET,BOS,2.15
D,John Moore (21267059),John Moore,21267059,D/UTIL,2500,PIT@BOS 02/08/2022 07:00PM ET,BOS,5.4
D,Noah Dorey (21267061),Noah Dorey,21267061,D/UTIL,2500,PIT@BOS 02/08/2022 07:00PM ET,BOS,0
D,Josiah Didier (21267063),Josiah Didier,21267063,D/UTIL,2500,PIT@BOS 02/08/2022 07:00PM ET,BOS,0
D,Brady Lyle (21267065),Brady Lyle,21267065,D/UTIL,2500,PIT@BOS 02/08/2022 07:00PM ET,BOS,0
D,Tyler Lewington (21267067),Tyler Lewington,21267067,D/UTIL,2500,PIT@BOS 02/08/2022 07:00PM ET,BOS,2.8
D,J.D. Greenway (21267069),J.D. Greenway,21267069,D/UTIL,2500,PIT@BOS 02/08/2022 07:00PM ET,BOS,0
D,Nick Wolff (21267071),Nick Wolff,21267071,D/UTIL,2500,PIT@BOS 02/08/2022 07:00PM ET,BOS,0
D,Victor Berglund (21267073),Victor Berglund,21267073,D/UTIL,2500,PIT@BOS 02/08/2022 07:00PM ET,BOS,0
D,Jack Dougherty (21267075),Jack Dougherty,21267075,D/UTIL,2500,PIT@BOS 02/08/2022 07:00PM ET,BOS,0
D,Chris Merisier-Ortiz (21267261),Chris Merisier-Ortiz,21267261,D/UTIL,2500,PIT@BOS 02/08/2022 07:00PM ET,PIT,0
D,Pierre-Olivier Joseph (21267263),Pierre-Olivier Joseph,21267263,D/UTIL,2500,PIT@BOS 02/08/2022 07:00PM ET,PIT,4.68
D,Niclas Almari (21267265),Niclas Almari,21267265,D/UTIL,2500,PIT@BOS 02/08/2022 07:00PM ET,PIT,0
D,Josh Maniscalco (21267267),Josh Maniscalco,21267267,D/UTIL,2500,PIT@BOS 02/08/2022 07:00PM ET,PIT,0
D,Isaac Belliveau (21267269),Isaac Belliveau,21267269,D/UTIL,2500,PIT@BOS 02/08/2022 07:00PM ET,PIT,0
D,Mitch Reinke (21267271),Mitch Reinke,21267271,D/UTIL,2500,PIT@BOS 02/08/2022 07:00PM ET,PIT,0
D,Taylor Fedun (21267273),Taylor Fedun,21267273,D/UTIL,2500,PIT@BOS 02/08/2022 07:00PM ET,PIT,0
D,Juuso Riikola (21267275),Juuso Riikola,21267275,D/UTIL,2500,PIT@BOS 02/08/2022 07:00PM ET,PIT,3.62
D,Ryan McCleary (21267277),Ryan McCleary,21267277,D/UTIL,2500,PIT@BOS 02/08/2022 07:00PM ET,PIT,0
D,Cam Lee (21267279),Cam Lee,21267279,D/UTIL,2500,PIT@BOS 02/08/2022 07:00PM ET,PIT,0
D,Matt Bartkowski (21267281),Matt Bartkowski,21267281,D/UTIL,2500,PIT@BOS 02/08/2022 07:00PM ET,PIT,0
D,William Reilly (21267283),William Reilly,21267283,D/UTIL,2500,PIT@BOS 02/08/2022 07:00PM ET,PIT,0
D,Chris Bigras (21267285),Chris Bigras,21267285,D/UTIL,2500,PIT@BOS 02/08/2022 07:00PM ET,PIT,0
C,Juho Lammikko (21265979),Juho Lammikko,21265979,C/UTIL,2500,ARI@VAN 02/08/2022 10:00PM ET,VAN,3.28
C,Riley Nash (21265981),Riley Nash,21265981,C/UTIL,2500,ARI@VAN 02/08/2022 10:00PM ET,ARI,1.85
C,Jason Dickinson (21265989),Jason Dickinson,21265989,C/UTIL,2500,ARI@VAN 02/08/2022 10:00PM ET,VAN,3.72
C,Loui Eriksson (21265993),Loui Eriksson,21265993,C/UTIL,2500,ARI@VAN 02/08/2022 10:00PM ET,ARI,3.58
C,Justin Dowling (21266013),Justin Dowling,21266013,C/UTIL,2500,ARI@VAN 02/08/2022 10:00PM ET,VAN,3.2
C,Ryan Dzingel (21266015),Ryan Dzingel,21266015,C/UTIL,2500,ARI@VAN 02/08/2022 10:00PM ET,ARI,3.63
C,Brandon Sutter (21266023),Brandon Sutter,21266023,C/UTIL,2500,ARI@VAN 02/08/2022 10:00PM ET,VAN,0
C,Tristen Nielsen (21266083),Tristen Nielsen,21266083,C/UTIL,2500,ARI@VAN 02/08/2022 10:00PM ET,VAN,0
C,John Stevens (21266085),John Stevens,21266085,C/UTIL,2500,ARI@VAN 02/08/2022 10:00PM ET,VAN,0
C,Sheldon Dries (21266087),Sheldon Dries,21266087,C/UTIL,2500,ARI@VAN 02/08/2022 10:00PM ET,VAN,1.4
C,Chase Wouters (21266089),Chase Wouters,21266089,C/UTIL,2500,ARI@VAN 02/08/2022 10:00PM ET,VAN,0
C,Carson Focht (21266091),Carson Focht,21266091,C/UTIL,2500,ARI@VAN 02/08/2022 10:00PM ET,VAN,0
C,Liam Kirk (21266109),Liam Kirk,21266109,C/UTIL,2500,ARI@VAN 02/08/2022 10:00PM ET,ARI,0
C,Blake Speers (21266111),Blake Speers,21266111,C/UTIL,2500,ARI@VAN 02/08/2022 10:00PM ET,ARI,2.05
C,Manix Landry (21266113),Manix Landry,21266113,C/UTIL,2500,ARI@VAN 02/08/2022 10:00PM ET,ARI,0
C,Ryan McGregor (21266115),Ryan McGregor,21266115,C/UTIL,2500,ARI@VAN 02/08/2022 10:00PM ET,ARI,0
RW,Matthew Highmore (21266405),Matthew Highmore,21266405,W/UTIL,2500,ARI@VAN 02/08/2022 10:00PM ET,VAN,4.57
RW,Christian Fischer (21266409),Christian Fischer,21266409,W/UTIL,2500,ARI@VAN 02/08/2022 10:00PM ET,ARI,3.82
LW,Antoine Roussel (21266411),Antoine Roussel,21266411,W/UTIL,2500,ARI@VAN 02/08/2022 10:00PM ET,ARI,3.47
RW,Alex Chiasson (21266439),Alex Chiasson,21266439,W/UTIL,2500,ARI@VAN 02/08/2022 10:00PM ET,VAN,3.72
LW,Vasily Podkolzin (21266441),Vasily Podkolzin,21266441,W/UTIL,2500,ARI@VAN 02/08/2022 10:00PM ET,VAN,4.36
LW,Liam O'Brien (21266447),Liam O'Brien,21266447,W/UTIL,2500,ARI@VAN 02/08/2022 10:00PM ET,ARI,2.18
LW,Phillip Di Giuseppe (21266485),Phillip Di Giuseppe,21266485,W/UTIL,2500,ARI@VAN 02/08/2022 10:00PM ET,VAN,0
RW,Jay Beagle (21266489),Jay Beagle,21266489,W/UTIL,2500,ARI@VAN 02/08/2022 10:00PM ET,ARI,1.89
RW,Micheal Ferland (21266517),Micheal Ferland,21266517,W/UTIL,2500,ARI@VAN 02/08/2022 10:00PM ET,VAN,0
RW,Dmitrij Jaskin (21266519),Dmitrij Jaskin,21266519,W/UTIL,2500,ARI@VAN 02/08/2022 10:00PM ET,ARI,4.52
LW,Nic Petan (21266613),Nic Petan,21266613,W/UTIL,2500,ARI@VAN 02/08/2022 10:00PM ET,VAN,0
RW,Sheldon Rempal (21266615),Sheldon Rempal,21266615,W/UTIL,2500,ARI@VAN 02/08/2022 10:00PM ET,VAN,0
RW,Lukas Jasek (21266617),Lukas Jasek,21266617,W/UTIL,2500,ARI@VAN 02/08/2022 10:00PM ET,VAN,0
RW,Connor Lockhart (21266619),Connor Lockhart,21266619,W/UTIL,2500,ARI@VAN 02/08/2022 10:00PM ET,VAN,0
RW,Danila Klimovich (21266621),Danila Klimovich,21266621,W/UTIL,2500,ARI@VAN 02/08/2022 10:00PM ET,VAN,0
LW,Ethan Keppen (21266623),Ethan Keppen,21266623,W/UTIL,2500,ARI@VAN 02/08/2022 10:00PM ET,VAN,0
LW,Vincent Arseneau (21266625),Vincent Arseneau,21266625,W/UTIL,2500,ARI@VAN 02/08/2022 10:00PM ET,VAN,0
RW,William Lockwood (21266627),William Lockwood,21266627,W/UTIL,2500,ARI@VAN 02/08/2022 10:00PM ET,VAN,0
RW,Jarid Lukosevicius (21266629),Jarid Lukosevicius,21266629,W/UTIL,2500,ARI@VAN 02/08/2022 10:00PM ET,VAN,0
RW,Karel Plasek (21266631),Karel Plasek,21266631,W/UTIL,2500,ARI@VAN 02/08/2022 10:00PM ET,VAN,0
LW,Justin Bailey (21266633),Justin Bailey,21266633,W/UTIL,2500,ARI@VAN 02/08/2022 10:00PM ET,VAN,2.49
LW,Matias Maccelli (21266649),Matias Maccelli,21266649,W/UTIL,2500,ARI@VAN 02/08/2022 10:00PM ET,ARI,0
LW,Michael Carcone (21266651),Michael Carcone,21266651,W/UTIL,2500,ARI@VAN 02/08/2022 10:00PM ET,ARI,6
RW,Jan Jenik (21266653),Jan Jenik,21266653,W/UTIL,2500,ARI@VAN 02/08/2022 10:00PM ET,ARI,1.87
LW,Bokondji Imama (21266655),Bokondji Imama,21266655,W/UTIL,2500,ARI@VAN 02/08/2022 10:00PM ET,ARI,0
RW,Hudson Fasching (21266657),Hudson Fasching,21266657,W/UTIL,2500,ARI@VAN 02/08/2022 10:00PM ET,ARI,0.21
RW,Reece Vitelli (21266659),Reece Vitelli,21266659,W/UTIL,2500,ARI@VAN 02/08/2022 10:00PM ET,ARI,0
RW,Dylan Guenther (21266661),Dylan Guenther,21266661,W/UTIL,2500,ARI@VAN 02/08/2022 10:00PM ET,ARI,0
LW,Ben McCartney (21266663),Ben McCartney,21266663,W/UTIL,2500,ARI@VAN 02/08/2022 10:00PM ET,ARI,1.5
D,Luke Schenn (21266933),Luke Schenn,21266933,D/UTIL,2500,ARI@VAN 02/08/2022 10:00PM ET,VAN,5.15
D,Brad Hunt (21266935),Brad Hunt,21266935,D/UTIL,2500,ARI@VAN 02/08/2022 10:00PM ET,VAN,5.06
D,Kyle Capobianco (21266955),Kyle Capobianco,21266955,D/UTIL,2500,ARI@VAN 02/08/2022 10:00PM ET,ARI,4.32
D,Kyle Burroughs (21266987),Kyle Burroughs,21266987,D/UTIL,2500,ARI@VAN 02/08/2022 10:00PM ET,VAN,3.99
D,Guillaume Brisebois (21266989),Guillaume Brisebois,21266989,D/UTIL,2500,ARI@VAN 02/08/2022 10:00PM ET,VAN,1.3
D,Ilya Lyubushkin (21266993),Ilya Lyubushkin,21266993,D/UTIL,2500,ARI@VAN 02/08/2022 10:00PM ET,ARI,4.12
D,Brady Keeper (21267011),Brady Keeper,21267011,D/UTIL,2500,ARI@VAN 02/08/2022 10:00PM ET,VAN,0
D,Conor Timmins (21267015),Conor Timmins,21267015,D/UTIL,2500,ARI@VAN 02/08/2022 10:00PM ET,ARI,4.2
D,Viktor Persson (21267111),Viktor Persson,21267111,D/UTIL,2500,ARI@VAN 02/08/2022 10:00PM ET,VAN,0
D,Madison Bowey (21267113),Madison Bowey,21267113,D/UTIL,2500,ARI@VAN 02/08/2022 10:00PM ET,VAN,1.3
D,Devante Stephens (21267115),Devante Stephens,21267115,D/UTIL,2500,ARI@VAN 02/08/2022 10:00PM ET,VAN,0
D,Jett Woo (21267117),Jett Woo,21267117,D/UTIL,2500,ARI@VAN 02/08/2022 10:00PM ET,VAN,0
D,Ashton Sautner (21267119),Ashton Sautner,21267119,D/UTIL,2500,ARI@VAN 02/08/2022 10:00PM ET,VAN,0
D,Noah Juulsen (21267121),Noah Juulsen,21267121,D/UTIL,2500,ARI@VAN 02/08/2022 10:00PM ET,VAN,4.7
D,Jack Rathbone (21267123),Jack Rathbone,21267123,D/UTIL,2500,ARI@VAN 02/08/2022 10:00PM ET,VAN,2.82
D,Alex Kannok-Leipert (21267125),Alex Kannok-Leipert,21267125,D/UTIL,2500,ARI@VAN 02/08/2022 10:00PM ET,VAN,0
D,Jason Demers (21267147),Jason Demers,21267147,D/UTIL,2500,ARI@VAN 02/08/2022 10:00PM ET,ARI,0
D,Cole Hults (21267149),Cole Hults,21267149,D/UTIL,2500,ARI@VAN 02/08/2022 10:00PM ET,ARI,0
D,Vladislav Kolyachonok (21267151),Vladislav Kolyachonok,21267151,D/UTIL,2500,ARI@VAN 02/08/2022 10:00PM ET,ARI,2.75
D,Cam Crotty (21267153),Cam Crotty,21267153,D/UTIL,2500,ARI@VAN 02/08/2022 10:00PM ET,ARI,0
D,Vladislav Provolnev (21267155),Vladislav Provolnev,21267155,D/UTIL,2500,ARI@VAN 02/08/2022 10:00PM ET,ARI,0
D,Ty Emberson (21267157),Ty Emberson,21267157,D/UTIL,2500,ARI@VAN 02/08/2022 10:00PM ET,ARI,0
D,Victor Soderstrom (21267159),Victor Soderstrom,21267159,D/UTIL,2500,ARI@VAN 02/08/2022 10:00PM ET,ARI,3.08
D,Cam Dineen (21267161),Cam Dineen,21267161,D/UTIL,2500,ARI@VAN 02/08/2022 10:00PM ET,ARI,5.79
C,Dylan Gambrell (21266005),Dylan Gambrell,21266005,C/UTIL,2500,CAR@OTT 02/08/2022 07:00PM ET,OTT,3.46
C,Colin White (21266029),Colin White,21266029,C/UTIL,2500,CAR@OTT 02/08/2022 07:00PM ET,OTT,0
C,Ryan Suzuki (21266145),Ryan Suzuki,21266145,C/UTIL,2500,CAR@OTT 02/08/2022 07:00PM ET,CAR,0
C,Jack Drury (21266147),Jack Drury,21266147,C/UTIL,2500,CAR@OTT 02/08/2022 07:00PM ET,CAR,14.3
C,Vasili Ponomaryov (21266149),Vasili Ponomaryov,21266149,C/UTIL,2500,CAR@OTT 02/08/2022 07:00PM ET,CAR,0
C,Andrew Poturalski (21266151),Andrew Poturalski,21266151,C/UTIL,2500,CAR@OTT 02/08/2022 07:00PM ET,CAR,8.65
C,Blake Murray (21266153),Blake Murray,21266153,C/UTIL,2500,CAR@OTT 02/08/2022 07:00PM ET,CAR,0
C,David Cotton (21266155),David Cotton,21266155,C/UTIL,2500,CAR@OTT 02/08/2022 07:00PM ET,CAR,0
C,Jamieson Rees (21266157),Jamieson Rees,21266157,C/UTIL,2500,CAR@OTT 02/08/2022 07:00PM ET,CAR,0
C,Maxim Letunov (21266159),Maxim Letunov,21266159,C/UTIL,2500,CAR@OTT 02/08/2022 07:00PM ET,CAR,0
C,Matthew Wedman (21266195),Matthew Wedman,21266195,C/UTIL,2500,CAR@OTT 02/08/2022 07:00PM ET,OTT,0
C,Andrew Agozzino (21266197),Andrew Agozzino,21266197,C/UTIL,2500,CAR@OTT 02/08/2022 07:00PM ET,OTT,1.5
C,Zack Ostapchuk (21266199),Zack Ostapchuk,21266199,C/UTIL,2500,CAR@OTT 02/08/2022 07:00PM ET,OTT,0
C,Viktor Lodin (21266201),Viktor Lodin,21266201,C/UTIL,2500,CAR@OTT 02/08/2022 07:00PM ET,OTT,0
C,Ridly Greig (21266203),Ridly Greig,21266203,C/UTIL,2500,CAR@OTT 02/08/2022 07:00PM ET,OTT,0
C,Parker Kelly (21266205),Parker Kelly,21266205,C/UTIL,2500,CAR@OTT 02/08/2022 07:00PM ET,OTT,3.4
C,Mark Kastelic (21266207),Mark Kastelic,21266207,C/UTIL,2500,CAR@OTT 02/08/2022 07:00PM ET,OTT,2.28
C,Logan Shaw (21266209),Logan Shaw,21266209,C/UTIL,2500,CAR@OTT 02/08/2022 07:00PM ET,OTT,2.97
C,Philippe Daoust (21266211),Philippe Daoust,21266211,C/UTIL,2500,CAR@OTT 02/08/2022 07:00PM ET,OTT,0
LW,Jordan Martinook (21266391),Jordan Martinook,21266391,W/UTIL,2500,CAR@OTT 02/08/2022 07:00PM ET,CAR,3.42
RW,Jesper Fast (21266415),Jesper Fast,21266415,W/UTIL,2500,CAR@OTT 02/08/2022 07:00PM ET,CAR,5.33
RW,Adam Gaudette (21266423),Adam Gaudette,21266423,W/UTIL,2500,CAR@OTT 02/08/2022 07:00PM ET,OTT,6.02
LW,Steven Lorentz (21266457),Steven Lorentz,21266457,W/UTIL,2500,CAR@OTT 02/08/2022 07:00PM ET,CAR,3.82
RW,Derek Stepan (21266459),Derek Stepan,21266459,W/UTIL,2500,CAR@OTT 02/08/2022 07:00PM ET,CAR,6.03
RW,Austin Watson (21266471),Austin Watson,21266471,W/UTIL,2500,CAR@OTT 02/08/2022 07:00PM ET,OTT,5.45
LW,Clark Bishop (21266473),Clark Bishop,21266473,W/UTIL,2500,CAR@OTT 02/08/2022 07:00PM ET,OTT,1.66
RW,Scott Sabourin (21266507),Scott Sabourin,21266507,W/UTIL,2500,CAR@OTT 02/08/2022 07:00PM ET,OTT,1.45
LW,Angus Crookshank (21266509),Angus Crookshank,21266509,W/UTIL,2500,CAR@OTT 02/08/2022 07:00PM ET,OTT,0
RW,Shane Pinto (21266533),Shane Pinto,21266533,W/UTIL,2500,CAR@OTT 02/08/2022 07:00PM ET,OTT,2.76
RW,Stefan Noesen (21266701),Stefan Noesen,21266701,W/UTIL,2500,CAR@OTT 02/08/2022 07:00PM ET,CAR,3
RW,Josh Leivo (21266703),Josh Leivo,21266703,W/UTIL,2500,CAR@OTT 02/08/2022 07:00PM ET,CAR,5.8
RW,Stelio Mattheos (21266705),Stelio Mattheos,21266705,W/UTIL,2500,CAR@OTT 02/08/2022 07:00PM ET,CAR,0
LW,Sam Miletic (21266707),Sam Miletic,21266707,W/UTIL,2500,CAR@OTT 02/08/2022 07:00PM ET,CAR,0
RW,Ville Koivunen (21266709),Ville Koivunen,21266709,W/UTIL,2500,CAR@OTT 02/08/2022 07:00PM ET,CAR,0
RW,Yegor Korshkov (21266711),Yegor Korshkov,21266711,W/UTIL,2500,CAR@OTT 02/08/2022 07:00PM ET,CAR,0
RW,Spencer Smallman (21266713),Spencer Smallman,21266713,W/UTIL,2500,CAR@OTT 02/08/2022 07:00PM ET,CAR,0
RW,Dominik Bokk (21266715),Dominik Bokk,21266715,W/UTIL,2500,CAR@OTT 02/08/2022 07:00PM ET,CAR,0
RW,Tuukka Tieksola (21266717),Tuukka Tieksola,21266717,W/UTIL,2500,CAR@OTT 02/08/2022 07:00PM ET,CAR,0
LW,C.J. Smith (21266719),C.J. Smith,21266719,W/UTIL,2500,CAR@OTT 02/08/2022 07:00PM ET,CAR,0
RW,Carson Latimer (21266769),Carson Latimer,21266769,W/UTIL,2500,CAR@OTT 02/08/2022 07:00PM ET,OTT,0
RW,Pontus Aberg (21266771),Pontus Aberg,21266771,W/UTIL,2500,CAR@OTT 02/08/2022 07:00PM ET,OTT,0
RW,Tyler Boucher (21266773),Tyler Boucher,21266773,W/UTIL,2500,CAR@OTT 02/08/2022 07:00PM ET,OTT,0
LW,Roby Jarventie (21266775),Roby Jarventie,21266775,W/UTIL,2500,CAR@OTT 02/08/2022 07:00PM ET,OTT,0
LW,Tyrell Goulbourne (21266777),Tyrell Goulbourne,21266777,W/UTIL,2500,CAR@OTT 02/08/2022 07:00PM ET,OTT,0
LW,Egor Sokolov (21266779),Egor Sokolov,21266779,W/UTIL,2500,CAR@OTT 02/08/2022 07:00PM ET,OTT,2.15
LW,Cole Reinhardt (21266781),Cole Reinhardt,21266781,W/UTIL,2500,CAR@OTT 02/08/2022 07:00PM ET,OTT,0
D,Nikita Zaitsev (21266927),Nikita Zaitsev,21266927,D/UTIL,2500,CAR@OTT 02/08/2022 07:00PM ET,OTT,5.76
D,Nick Holden (21266943),Nick Holden,21266943,D/UTIL,2500,CAR@OTT 02/08/2022 07:00PM ET,OTT,5.05
D,Ethan Bear (21266961),Ethan Bear,21266961,D/UTIL,2500,CAR@OTT 02/08/2022 07:00PM ET,CAR,5.14
D,Ian Cole (21266963),Ian Cole,21266963,D/UTIL,2500,CAR@OTT 02/08/2022 07:00PM ET,CAR,5.36
D,Josh Brown (21266971),Josh Brown,21266971,D/UTIL,2500,CAR@OTT 02/08/2022 07:00PM ET,OTT,3.38
D,Erik Brannstrom (21266973),Erik Brannstrom,21266973,D/UTIL,2500,CAR@OTT 02/08/2022 07:00PM ET,OTT,4.76
D,Jake Gardiner (21266999),Jake Gardiner,21266999,D/UTIL,2500,CAR@OTT 02/08/2022 07:00PM ET,CAR,0
D,Victor Mete (21267007),Victor Mete,21267007,D/UTIL,2500,CAR@OTT 02/08/2022 07:00PM ET,OTT,4
D,Aleksi Heimosalmi (21267201),Aleksi Heimosalmi,21267201,D/UTIL,2500,CAR@OTT 02/08/2022 07:00PM ET,CAR,0
D,Cavan Fitzgerald (21267203),Cavan Fitzgerald,21267203,D/UTIL,2500,CAR@OTT 02/08/2022 07:00PM ET,CAR,0
D,Jalen Chatfield (21267205),Jalen Chatfield,21267205,D/UTIL,2500,CAR@OTT 02/08/2022 07:00PM ET,CAR,5.01
D,Josh Jacobs (21267207),Josh Jacobs,21267207,D/UTIL,2500,CAR@OTT 02/08/2022 07:00PM ET,CAR,0
D,Eric Gelinas (21267209),Eric Gelinas,21267209,D/UTIL,2500,CAR@OTT 02/08/2022 07:00PM ET,CAR,0
D,Maxime Lajoie (21267211),Maxime Lajoie,21267211,D/UTIL,2500,CAR@OTT 02/08/2022 07:00PM ET,CAR,3.1
D,Ronan Seeley (21267213),Ronan Seeley,21267213,D/UTIL,2500,CAR@OTT 02/08/2022 07:00PM ET,CAR,0
D,Jesper Sellgren (21267215),Jesper Sellgren,21267215,D/UTIL,2500,CAR@OTT 02/08/2022 07:00PM ET,CAR,0
D,Joey Keane (21267217),Joey Keane,21267217,D/UTIL,2500,CAR@OTT 02/08/2022 07:00PM ET,CAR,1.5
D,Brendan Smith (21267219),Brendan Smith,21267219,D/UTIL,2500,CAR@OTT 02/08/2022 07:00PM ET,CAR,4.56
D,Colby Williams (21267287),Colby Williams,21267287,D/UTIL,2500,CAR@OTT 02/08/2022 07:00PM ET,OTT,0
D,Ben Roger (21267289),Ben Roger,21267289,D/UTIL,2500,CAR@OTT 02/08/2022 07:00PM ET,OTT,0
D,Chandler Romeo (21267291),Chandler Romeo,21267291,D/UTIL,2500,CAR@OTT 02/08/2022 07:00PM ET,OTT,0
D,Jacob Bernard-Docker (21267293),Jacob Bernard-Docker,21267293,D/UTIL,2500,CAR@OTT 02/08/2022 07:00PM ET,OTT,2.24
D,Zach Leslie (21267295),Zach Leslie,21267295,D/UTIL,2500,CAR@OTT 02/08/2022 07:00PM ET,OTT,0
D,Olle Alsing (21267297),Olle Alsing,21267297,D/UTIL,2500,CAR@OTT 02/08/2022 07:00PM ET,OTT,0
D,Maxence Guenette (21267299),Maxence Guenette,21267299,D/UTIL,2500,CAR@OTT 02/08/2022 07:00PM ET,OTT,0
D,Lassi Thomson (21267301),Lassi Thomson,21267301,D/UTIL,2500,CAR@OTT 02/08/2022 07:00PM ET,OTT,3.98
D,Michael Del Zotto (21267303),Michael Del Zotto,21267303,D/UTIL,2500,CAR@OTT 02/08/2022 07:00PM ET,OTT,7.51
D,Vincent Sevigny (21267305),Vincent Sevigny,21267305,D/UTIL,2500,CAR@OTT 02/08/2022 07:00PM ET,OTT,0
D,Jonathan Aspirot (21267307),Jonathan Aspirot,21267307,D/UTIL,2500,CAR@OTT 02/08/2022 07:00PM ET,OTT,0
D,Xavier Bernard (21267309),Xavier Bernard,21267309,D/UTIL,2500,CAR@OTT 02/08/2022 07:00PM ET,OTT,0
D,Dillon Heatherington (21267311),Dillon Heatherington,21267311,D/UTIL,2500,CAR@OTT 02/08/2022 07:00PM ET,OTT,0.96
C,Brett Howden (21265997),Brett Howden,21265997,C/UTIL,2500,VGK@EDM 02/08/2022 09:00PM ET,VGK,5.7
C,Devin Shore (21266001),Devin Shore,21266001,C/UTIL,2500,VGK@EDM 02/08/2022 09:00PM ET,EDM,2.92
C,Jack Eichel (21266017),Jack Eichel,21266017,C/UTIL,2500,VGK@EDM 02/08/2022 09:00PM ET,VGK,0
C,Tyler Benson (21266021),Tyler Benson,21266021,C/UTIL,2500,VGK@EDM 02/08/2022 09:00PM ET,EDM,1.43
C,Maxim Marushev (21266127),Maxim Marushev,21266127,C/UTIL,2500,VGK@EDM 02/08/2022 09:00PM ET,VGK,0
C,Jakub Brabenec (21266129),Jakub Brabenec,21266129,C/UTIL,2500,VGK@EDM 02/08/2022 09:00PM ET,VGK,0
C,Gage Quinney (21266131),Gage Quinney,21266131,C/UTIL,2500,VGK@EDM 02/08/2022 09:00PM ET,VGK,0
C,Mason Primeau (21266133),Mason Primeau,21266133,C/UTIL,2500,VGK@EDM 02/08/2022 09:00PM ET,VGK,0
C,Jake Leschyshyn (21266135),Jake Leschyshyn,21266135,C/UTIL,2500,VGK@EDM 02/08/2022 09:00PM ET,VGK,3.65
C,Jakub Demek (21266137),Jakub Demek,21266137,C/UTIL,2500,VGK@EDM 02/08/2022 09:00PM ET,VGK,0
C,Paul Cotter (21266139),Paul Cotter,21266139,C/UTIL,2500,VGK@EDM 02/08/2022 09:00PM ET,VGK,5.55
C,Zach Dean (21266141),Zach Dean,21266141,C/UTIL,2500,VGK@EDM 02/08/2022 09:00PM ET,VGK,0
C,Ben Jones (21266143),Ben Jones,21266143,C/UTIL,2500,VGK@EDM 02/08/2022 09:00PM ET,VGK,1.4
C,Tim Soderlund (21266167),Tim Soderlund,21266167,C/UTIL,2500,VGK@EDM 02/08/2022 09:00PM ET,EDM,0
C,Dylan Holloway (21266169),Dylan Holloway,21266169,C/UTIL,2500,VGK@EDM 02/08/2022 09:00PM ET,EDM,0
C,Cooper Marody (21266171),Cooper Marody,21266171,C/UTIL,2500,VGK@EDM 02/08/2022 09:00PM ET,EDM,6.5
C,Raphael Lavoie (21266173),Raphael Lavoie,21266173,C/UTIL,2500,VGK@EDM 02/08/2022 09:00PM ET,EDM,0
C,Seth Griffith (21266175),Seth Griffith,21266175,C/UTIL,2500,VGK@EDM 02/08/2022 09:00PM ET,EDM,0
C,Devin Brosseau (21266177),Devin Brosseau,21266177,C/UTIL,2500,VGK@EDM 02/08/2022 09:00PM ET,EDM,0
C,Xavier Bourgault (21266179),Xavier Bourgault,21266179,C/UTIL,2500,VGK@EDM 02/08/2022 09:00PM ET,EDM,0
LW,Ryan McLeod (21266399),Ryan McLeod,21266399,W/UTIL,2500,VGK@EDM 02/08/2022 09:00PM ET,EDM,3.86
LW,Mattias Janmark (21266413),Mattias Janmark,21266413,W/UTIL,2500,VGK@EDM 02/08/2022 09:00PM ET,VGK,5.12
RW,Derek Ryan (21266419),Derek Ryan,21266419,W/UTIL,2500,VGK@EDM 02/08/2022 09:00PM ET,EDM,2.8
LW,William Carrier (21266453),William Carrier,21266453,W/UTIL,2500,VGK@EDM 02/08/2022 09:00PM ET,VGK,4.99
RW,Keegan Kolesar (21266455),Keegan Kolesar,21266455,W/UTIL,2500,VGK@EDM 02/08/2022 09:00PM ET,VGK,5.06
RW,Zack Kassian (21266465),Zack Kassian,21266465,W/UTIL,2500,VGK@EDM 02/08/2022 09:00PM ET,EDM,4.68
RW,Michael Amadio (21266493),Michael Amadio,21266493,W/UTIL,2500,VGK@EDM 02/08/2022 09:00PM ET,VGK,3.9
RW,Kyle Turris (21266499),Kyle Turris,21266499,W/UTIL,2500,VGK@EDM 02/08/2022 09:00PM ET,EDM,2.99
LW,Brendan Perlini (21266501),Brendan Perlini,21266501,W/UTIL,2500,VGK@EDM 02/08/2022 09:00PM ET,EDM,3.76
RW,Daniil Miromanov (21266521),Daniil Miromanov,21266521,W/UTIL,2500,VGK@EDM 02/08/2022 09:00PM ET,VGK,4.21
LW,Josh Archibald (21266525),Josh Archibald,21266525,W/UTIL,2500,VGK@EDM 02/08/2022 09:00PM ET,EDM,0
RW,Adam Brooks (21266531),Adam Brooks,21266531,W/UTIL,2500,VGK@EDM 02/08/2022 09:00PM ET,VGK,2.92
RW,Lynden McCallum (21266681),Lynden McCallum,21266681,W/UTIL,2500,VGK@EDM 02/08/2022 09:00PM ET,VGK,0
RW,Daniel D'Amato (21266683),Daniel D'Amato,21266683,W/UTIL,2500,VGK@EDM 02/08/2022 09:00PM ET,VGK,0
RW,Kaleb Pearson (21266685),Kaleb Pearson,21266685,W/UTIL,2500,VGK@EDM 02/08/2022 09:00PM ET,VGK,0
LW,Ben Thomson (21266687),Ben Thomson,21266687,W/UTIL,2500,VGK@EDM 02/08/2022 09:00PM ET,VGK,0
LW,Pavel Dorofeyev (21266689),Pavel Dorofeyev,21266689,W/UTIL,2500,VGK@EDM 02/08/2022 09:00PM ET,VGK,0
LW,Sven Baertschi (21266691),Sven Baertschi,21266691,W/UTIL,2500,VGK@EDM 02/08/2022 09:00PM ET,VGK,1.5
LW,Marcus Kallionkieli (21266693),Marcus Kallionkieli,21266693,W/UTIL,2500,VGK@EDM 02/08/2022 09:00PM ET,VGK,0
LW,Jack Dugan (21266695),Jack Dugan,21266695,W/UTIL,2500,VGK@EDM 02/08/2022 09:00PM ET,VGK,0
LW,Jermaine Loewen (21266697),Jermaine Loewen,21266697,W/UTIL,2500,VGK@EDM 02/08/2022 09:00PM ET,VGK,0
RW,Jonas Rondbjerg (21266699),Jonas Rondbjerg,21266699,W/UTIL,2500,VGK@EDM 02/08/2022 09:00PM ET,VGK,3.43
RW,Ostap Safin (21266727),Ostap Safin,21266727,W/UTIL,2500,VGK@EDM 02/08/2022 09:00PM ET,EDM,0
LW,Matteo Gennaro (21266729),Matteo Gennaro,21266729,W/UTIL,2500,VGK@EDM 02/08/2022 09:00PM ET,EDM,0
RW,Adam Cracknell (21266731),Adam Cracknell,21266731,W/UTIL,2500,VGK@EDM 02/08/2022 09:00PM ET,EDM,0
LW,James Hamblin (21266733),James Hamblin,21266733,W/UTIL,2500,VGK@EDM 02/08/2022 09:00PM ET,EDM,0
RW,Kirill Maksimov (21266735),Kirill Maksimov,21266735,W/UTIL,2500,VGK@EDM 02/08/2022 09:00PM ET,EDM,0
LW,Luke Esposito (21266737),Luke Esposito,21266737,W/UTIL,2500,VGK@EDM 02/08/2022 09:00PM ET,EDM,0
RW,Colton Sceviour (21266739),Colton Sceviour,21266739,W/UTIL,2500,VGK@EDM 02/08/2022 09:00PM ET,EDM,4.06
LW,Brad Malone (21266741),Brad Malone,21266741,W/UTIL,2500,VGK@EDM 02/08/2022 09:00PM ET,EDM,0
RW,Dino Kambeitz (21266743),Dino Kambeitz,21266743,W/UTIL,2500,VGK@EDM 02/08/2022 09:00PM ET,EDM,0
RW,Tyler Tullio (21266745),Tyler Tullio,21266745,W/UTIL,2500,VGK@EDM 02/08/2022 09:00PM ET,EDM,0
LW,Matvei Petrov (21266747),Matvei Petrov,21266747,W/UTIL,2500,VGK@EDM 02/08/2022 09:00PM ET,EDM,0
D,Ben Hutton (21266959),Ben Hutton,21266959,D/UTIL,2500,VGK@EDM 02/08/2022 09:00PM ET,VGK,5.6
D,Oscar Klefbom (21267003),Oscar Klefbom,21267003,D/UTIL,2500,VGK@EDM 02/08/2022 09:00PM ET,EDM,0
D,Jake Bischoff (21267017),Jake Bischoff,21267017,D/UTIL,2500,VGK@EDM 02/08/2022 09:00PM ET,VGK,0
D,Daniil Chayka (21267179),Daniil Chayka,21267179,D/UTIL,2500,VGK@EDM 02/08/2022 09:00PM ET,VGK,0
D,Layton Ahac (21267181),Layton Ahac,21267181,D/UTIL,2500,VGK@EDM 02/08/2022 09:00PM ET,VGK,0
D,Brayden Pachal (21267183),Brayden Pachal,21267183,D/UTIL,2500,VGK@EDM 02/08/2022 09:00PM ET,VGK,0
D,Peter Diliberatore (21267185),Peter Diliberatore,21267185,D/UTIL,2500,VGK@EDM 02/08/2022 09:00PM ET,VGK,0
D,Derrick Pouliot (21267187),Derrick Pouliot,21267187,D/UTIL,2500,VGK@EDM 02/08/2022 09:00PM ET,VGK,0
D,Artur Cholach (21267189),Artur Cholach,21267189,D/UTIL,2500,VGK@EDM 02/08/2022 09:00PM ET,VGK,0
D,Zachary Hayes (21267191),Zachary Hayes,21267191,D/UTIL,2500,VGK@EDM 02/08/2022 09:00PM ET,VGK,0
D,Connor Corcoran (21267193),Connor Corcoran,21267193,D/UTIL,2500,VGK@EDM 02/08/2022 09:00PM ET,VGK,0
D,Lukas Cormier (21267195),Lukas Cormier,21267195,D/UTIL,2500,VGK@EDM 02/08/2022 09:00PM ET,VGK,0
D,Kaedan Korczak (21267197),Kaedan Korczak,21267197,D/UTIL,2500,VGK@EDM 02/08/2022 09:00PM ET,VGK,1.3
D,Ian McCoshen (21267199),Ian McCoshen,21267199,D/UTIL,2500,VGK@EDM 02/08/2022 09:00PM ET,VGK,0
D,Max Wanner (21267237),Max Wanner,21267237,D/UTIL,2500,VGK@EDM 02/08/2022 09:00PM ET,EDM,0
D,Filip Berglund (21267239),Filip Berglund,21267239,D/UTIL,2500,VGK@EDM 02/08/2022 09:00PM ET,EDM,0
D,Vincent Desharnais (21267241),Vincent Desharnais,21267241,D/UTIL,2500,VGK@EDM 02/08/2022 09:00PM ET,EDM,0
D,Phil Kemp (21267243),Phil Kemp,21267243,D/UTIL,2500,VGK@EDM 02/08/2022 09:00PM ET,EDM,0
D,Dmitri Samorukov (21267245),Dmitri Samorukov,21267245,D/UTIL,2500,VGK@EDM 02/08/2022 09:00PM ET,EDM,0
D,Philip Broberg (21267247),Philip Broberg,21267247,D/UTIL,2500,VGK@EDM 02/08/2022 09:00PM ET,EDM,3.66
D,William Lagesson (21267249),William Lagesson,21267249,D/UTIL,2500,VGK@EDM 02/08/2022 09:00PM ET,EDM,3.53
D,Simon Kubicek (21267251),Simon Kubicek,21267251,D/UTIL,2500,VGK@EDM 02/08/2022 09:00PM ET,EDM,0
D,Slater Koekkoek (21267253),Slater Koekkoek,21267253,D/UTIL,2500,VGK@EDM 02/08/2022 09:00PM ET,EDM,3.15
D,Michael Kesselring (21267255),Michael Kesselring,21267255,D/UTIL,2500,VGK@EDM 02/08/2022 09:00PM ET,EDM,0
D,Markus Niemelainen (21267257),Markus Niemelainen,21267257,D/UTIL,2500,VGK@EDM 02/08/2022 09:00PM ET,EDM,3.17
D,Yanni Kaldis (21267259),Yanni Kaldis,21267259,D/UTIL,2500,VGK@EDM 02/08/2022 09:00PM ET,EDM,0
C,Adam Lowry (21265983),Adam Lowry,21265983,C/UTIL,2500,MIN@WPG 02/08/2022 08:00PM ET,WPG,3.4
C,Dominic Toninato (21265999),Dominic Toninato,21265999,C/UTIL,2500,MIN@WPG 02/08/2022 08:00PM ET,WPG,2.6
C,Nico Sturm (21266007),Nico Sturm,21266007,C/UTIL,2500,MIN@WPG 02/08/2022 08:00PM ET,MIN,5.62
C,David Gustafsson (21266019),David Gustafsson,21266019,C/UTIL,2500,MIN@WPG 02/08/2022 08:00PM ET,WPG,0
C,Luke Johnson (21266161),Luke Johnson,21266161,C/UTIL,2500,MIN@WPG 02/08/2022 08:00PM ET,WPG,0
C,Michael Eyssimont (21266163),Michael Eyssimont,21266163,C/UTIL,2500,MIN@WPG 02/08/2022 08:00PM ET,WPG,0
C,Kristian Reichel (21266165),Kristian Reichel,21266165,C/UTIL,2500,MIN@WPG 02/08/2022 08:00PM ET,WPG,4.92
C,Bryce Misley (21266213),Bryce Misley,21266213,C/UTIL,2500,MIN@WPG 02/08/2022 08:00PM ET,MIN,0
C,Dominic Turgeon (21266215),Dominic Turgeon,21266215,C/UTIL,2500,MIN@WPG 02/08/2022 08:00PM ET,MIN,0
C,Caedan Bankier (21266217),Caedan Bankier,21266217,C/UTIL,2500,MIN@WPG 02/08/2022 08:00PM ET,MIN,0
C,Mason Shaw (21266219),Mason Shaw,21266219,C/UTIL,2500,MIN@WPG 02/08/2022 08:00PM ET,MIN,2.9
C,Alexander Khovanov (21266221),Alexander Khovanov,21266221,C/UTIL,2500,MIN@WPG 02/08/2022 08:00PM ET,MIN,0
C,Damien Giroux (21266223),Damien Giroux,21266223,C/UTIL,2500,MIN@WPG 02/08/2022 08:00PM ET,MIN,0
C,Nolan Stevens (21266225),Nolan Stevens,21266225,C/UTIL,2500,MIN@WPG 02/08/2022 08:00PM ET,MIN,0
C,Marco Rossi (21266227),Marco Rossi,21266227,C/UTIL,2500,MIN@WPG 02/08/2022 08:00PM ET,MIN,4.4
C,Joseph Cramarossa (21266229),Joseph Cramarossa,21266229,C/UTIL,2500,MIN@WPG 02/08/2022 08:00PM ET,MIN,0
RW,Austin Poganski (21266417),Austin Poganski,21266417,W/UTIL,2500,MIN@WPG 02/08/2022 08:00PM ET,WPG,1.29
RW,Brandon Duhaime (21266425),Brandon Duhaime,21266425,W/UTIL,2500,MIN@WPG 02/08/2022 08:00PM ET,MIN,4.71
LW,Jansen Harkins (21266461),Jansen Harkins,21266461,W/UTIL,2500,MIN@WPG 02/08/2022 08:00PM ET,WPG,3.01
RW,Kristian Vesalainen (21266463),Kristian Vesalainen,21266463,W/UTIL,2500,MIN@WPG 02/08/2022 08:00PM ET,WPG,2.31
RW,Connor Dewar (21266475),Connor Dewar,21266475,W/UTIL,2500,MIN@WPG 02/08/2022 08:00PM ET,MIN,4.75
LW,Victor Rask (21266477),Victor Rask,21266477,W/UTIL,2500,MIN@WPG 02/08/2022 08:00PM ET,MIN,4.87
LW,C.J. Suess (21266495),C.J. Suess,21266495,W/UTIL,2500,MIN@WPG 02/08/2022 08:00PM ET,WPG,2.17
RW,Evgeny Svechnikov (21266497),Evgeny Svechnikov,21266497,W/UTIL,2500,MIN@WPG 02/08/2022 08:00PM ET,WPG,4.1
LW,Nick Bjugstad (21266511),Nick Bjugstad,21266511,W/UTIL,2500,MIN@WPG 02/08/2022 08:00PM ET,MIN,4.48
LW,Bryan Little (21266523),Bryan Little,21266523,W/UTIL,2500,MIN@WPG 02/08/2022 08:00PM ET,WPG,0
RW,Haralds Egle (21266721),Haralds Egle,21266721,W/UTIL,2500,MIN@WPG 02/08/2022 08:00PM ET,WPG,0
RW,Evan Polei (21266723),Evan Polei,21266723,W/UTIL,2500,MIN@WPG 02/08/2022 08:00PM ET,WPG,0
LW,Jeff Malott (21266725),Jeff Malott,21266725,W/UTIL,2500,MIN@WPG 02/08/2022 08:00PM ET,WPG,0
LW,Adam Beckman (21266783),Adam Beckman,21266783,W/UTIL,2500,MIN@WPG 02/08/2022 08:00PM ET,MIN,4.1
RW,Kyle Rau (21266785),Kyle Rau,21266785,W/UTIL,2500,MIN@WPG 02/08/2022 08:00PM ET,MIN,0.9
RW,Mitchell Chaffee (21266787),Mitchell Chaffee,21266787,W/UTIL,2500,MIN@WPG 02/08/2022 08:00PM ET,MIN,0
RW,Pavel Novak (21266789),Pavel Novak,21266789,W/UTIL,2500,MIN@WPG 02/08/2022 08:00PM ET,MIN,0
RW,Ivan Lodnia (21266791),Ivan Lodnia,21266791,W/UTIL,2500,MIN@WPG 02/08/2022 08:00PM ET,MIN,0
RW,Nick Swaney (21266793),Nick Swaney,21266793,W/UTIL,2500,MIN@WPG 02/08/2022 08:00PM ET,MIN,0
D,Jordie Benn (21266945),Jordie Benn,21266945,D/UTIL,2500,MIN@WPG 02/08/2022 08:00PM ET,MIN,4.03
D,Logan Stanley (21266965),Logan Stanley,21266965,D/UTIL,2500,MIN@WPG 02/08/2022 08:00PM ET,WPG,5.49
D,Dylan DeMelo (21266967),Dylan DeMelo,21266967,D/UTIL,2500,MIN@WPG 02/08/2022 08:00PM ET,WPG,3.89
D,Dmitry Kulikov (21266975),Dmitry Kulikov,21266975,D/UTIL,2500,MIN@WPG 02/08/2022 08:00PM ET,MIN,5.04
D,Jon Merrill (21266977),Jon Merrill,21266977,D/UTIL,2500,MIN@WPG 02/08/2022 08:00PM ET,MIN,6.32
D,Nathan Beaulieu (21267001),Nathan Beaulieu,21267001,D/UTIL,2500,MIN@WPG 02/08/2022 08:00PM ET,WPG,3.03
D,Leon Gawanke (21267221),Leon Gawanke,21267221,D/UTIL,2500,MIN@WPG 02/08/2022 08:00PM ET,WPG,0
D,Ville Heinola (21267223),Ville Heinola,21267223,D/UTIL,2500,MIN@WPG 02/08/2022 08:00PM ET,WPG,3.28
D,Simon Lundmark (21267225),Simon Lundmark,21267225,D/UTIL,2500,MIN@WPG 02/08/2022 08:00PM ET,WPG,0
D,Declan Chisholm (21267227),Declan Chisholm,21267227,D/UTIL,2500,MIN@WPG 02/08/2022 08:00PM ET,WPG,3.65
D,Johnathan Kovacevic (21267229),Johnathan Kovacevic,21267229,D/UTIL,2500,MIN@WPG 02/08/2022 08:00PM ET,WPG,4.37
D,Nelson Nogier (21267231),Nelson Nogier,21267231,D/UTIL,2500,MIN@WPG 02/08/2022 08:00PM ET,WPG,0
D,Tyrel Bauer (21267233),Tyrel Bauer,21267233,D/UTIL,2500,MIN@WPG 02/08/2022 08:00PM ET,WPG,0
D,Dmitry Kuzmin (21267235),Dmitry Kuzmin,21267235,D/UTIL,2500,MIN@WPG 02/08/2022 08:00PM ET,WPG,0
D,Kevin Czuczman (21267313),Kevin Czuczman,21267313,D/UTIL,2500,MIN@WPG 02/08/2022 08:00PM ET,MIN,0
D,Carson Lambos (21267315),Carson Lambos,21267315,D/UTIL,2500,MIN@WPG 02/08/2022 08:00PM ET,MIN,0
D,Keaton Thompson (21267317),Keaton Thompson,21267317,D/UTIL,2500,MIN@WPG 02/08/2022 08:00PM ET,MIN,0
D,Joe Hicketts (21267319),Joe Hicketts,21267319,D/UTIL,2500,MIN@WPG 02/08/2022 08:00PM ET,MIN,0
D,Turner Ottenbreit (21267321),Turner Ottenbreit,21267321,D/UTIL,2500,MIN@WPG 02/08/2022 08:00PM ET,MIN,0
D,Ryan O'Rourke (21267323),Ryan O'Rourke,21267323,D/UTIL,2500,MIN@WPG 02/08/2022 08:00PM ET,MIN,0
D,Fedor Gordeev (21267325),Fedor Gordeev,21267325,D/UTIL,2500,MIN@WPG 02/08/2022 08:00PM ET,MIN,0
D,Jon Lizotte (21267327),Jon Lizotte,21267327,D/UTIL,2500,MIN@WPG 02/08/2022 08:00PM ET,MIN,9.7
D,Doyle Somerby (21267329),Doyle Somerby,21267329,D/UTIL,2500,MIN@WPG 02/08/2022 08:00PM ET,MIN,0
D,Daemon Hunt (21267331),Daemon Hunt,21267331,D/UTIL,2500,MIN@WPG 02/08/2022 08:00PM ET,MIN,0
D,Kyle Masters (21267333),Kyle Masters,21267333,D/UTIL,2500,MIN@WPG 02/08/2022 08:00PM ET,MIN,0
D,Calen Addison (21267335),Calen Addison,21267335,D/UTIL,2500,MIN@WPG 02/08/2022 08:00PM ET,MIN,4.88
D,Dakota Mermis (21267337),Dakota Mermis,21267337,D/UTIL,2500,MIN@WPG 02/08/2022 08:00PM ET,MIN,1.4
C,Laurent Dauphin (21265977),Laurent Dauphin,21265977,C/UTIL,2500,NJ@MON 02/08/2022 07:00PM ET,MON,5.69
C,Michael McLeod (21265995),Michael McLeod,21265995,C/UTIL,2500,NJ@MON 02/08/2022 07:00PM ET,NJ,3.82
C,Miles Wood (21266025),Miles Wood,21266025,C/UTIL,2500,NJ@MON 02/08/2022 07:00PM ET,NJ,0
C,Tyce Thompson (21266031),Tyce Thompson,21266031,C/UTIL,2500,NJ@MON 02/08/2022 07:00PM ET,NJ,2.25
C,Arsen Khisamutdinov (21266067),Arsen Khisamutdinov,21266067,C/UTIL,2500,NJ@MON 02/08/2022 07:00PM ET,MON,0
C,Peter Abbandonato (21266069),Peter Abbandonato,21266069,C/UTIL,2500,NJ@MON 02/08/2022 07:00PM ET,MON,0
C,Jan Mysak (21266071),Jan Mysak,21266071,C/UTIL,2500,NJ@MON 02/08/2022 07:00PM ET,MON,0
C,Cameron Hillis (21266073),Cameron Hillis,21266073,C/UTIL,2500,NJ@MON 02/08/2022 07:00PM ET,MON,3
C,Jean-Sebastien Dea (21266075),Jean-Sebastien Dea,21266075,C/UTIL,2500,NJ@MON 02/08/2022 07:00PM ET,MON,0
C,Brandon Gignac (21266077),Brandon Gignac,21266077,C/UTIL,2500,NJ@MON 02/08/2022 07:00PM ET,MON,0
C,J.C. Beaudin (21266079),J.C. Beaudin,21266079,C/UTIL,2500,NJ@MON 02/08/2022 07:00PM ET,MON,0
C,Xavier Simoneau (21266081),Xavier Simoneau,21266081,C/UTIL,2500,NJ@MON 02/08/2022 07:00PM ET,MON,0
C,Chase De Leo (21266117),Chase De Leo,21266117,C/UTIL,2500,NJ@MON 02/08/2022 07:00PM ET,NJ,1.5
C,Freddy Gauthier (21266119),Freddy Gauthier,21266119,C/UTIL,2500,NJ@MON 02/08/2022 07:00PM ET,NJ,1.24
C,Nate Schnarr (21266121),Nate Schnarr,21266121,C/UTIL,2500,NJ@MON 02/08/2022 07:00PM ET,NJ,0
C,Aarne Talvitie (21266123),Aarne Talvitie,21266123,C/UTIL,2500,NJ@MON 02/08/2022 07:00PM ET,NJ,0
C,Brian Flynn (21266125),Brian Flynn,21266125,C/UTIL,2500,NJ@MON 02/08/2022 07:00PM ET,NJ,0
LW,Paul Byron (21266393),Paul Byron,21266393,W/UTIL,2500,NJ@MON 02/08/2022 07:00PM ET,MON,0
RW,Jimmy Vesey (21266395),Jimmy Vesey,21266395,W/UTIL,2500,NJ@MON 02/08/2022 07:00PM ET,NJ,5.31
LW,Jesper Boqvist (21266397),Jesper Boqvist,21266397,W/UTIL,2500,NJ@MON 02/08/2022 07:00PM ET,NJ,4.3
RW,Michael Pezzetta (21266435),Michael Pezzetta,21266435,W/UTIL,2500,NJ@MON 02/08/2022 07:00PM ET,MON,3.15
LW,Rem Pitlick (21266437),Rem Pitlick,21266437,W/UTIL,2500,NJ@MON 02/08/2022 07:00PM ET,MON,5.23
LW,Janne Kuokkanen (21266449),Janne Kuokkanen,21266449,W/UTIL,2500,NJ@MON 02/08/2022 07:00PM ET,NJ,3.86
RW,Nathan Bastian (21266451),Nathan Bastian,21266451,W/UTIL,2500,NJ@MON 02/08/2022 07:00PM ET,NJ,5.26
LW,Cedric Paquette (21266483),Cedric Paquette,21266483,W/UTIL,2500,NJ@MON 02/08/2022 07:00PM ET,MON,2.3
RW,Marian Studenic (21266491),Marian Studenic,21266491,W/UTIL,2500,NJ@MON 02/08/2022 07:00PM ET,NJ,3.16
RW,Joel Armia (21266515),Joel Armia,21266515,W/UTIL,2500,NJ@MON 02/08/2022 07:00PM ET,MON,3.93
LW,Mathieu Perreault (21266535),Mathieu Perreault,21266535,W/UTIL,2500,NJ@MON 02/08/2022 07:00PM ET,MON,4.99
LW,Jake Lucchini (21266583),Jake Lucchini,21266583,W/UTIL,2500,NJ@MON 02/08/2022 07:00PM ET,MON,0
LW,Danick Martel (21266585),Danick Martel,21266585,W/UTIL,2500,NJ@MON 02/08/2022 07:00PM ET,MON,0
RW,Joshua Roy (21266587),Joshua Roy,21266587,W/UTIL,2500,NJ@MON 02/08/2022 07:00PM ET,MON,0
LW,Gabriel Bourque (21266589),Gabriel Bourque,21266589,W/UTIL,2500,NJ@MON 02/08/2022 07:00PM ET,MON,0
RW,Kevin Roy (21266591),Kevin Roy,21266591,W/UTIL,2500,NJ@MON 02/08/2022 07:00PM ET,MON,0
RW,Cedric Desruisseaux (21266593),Cedric Desruisseaux,21266593,W/UTIL,2500,NJ@MON 02/08/2022 07:00PM ET,MON,0
LW,Joel Teasdale (21266595),Joel Teasdale,21266595,W/UTIL,2500,NJ@MON 02/08/2022 07:00PM ET,MON,0
LW,Alexandre Fortin (21266597),Alexandre Fortin,21266597,W/UTIL,2500,NJ@MON 02/08/2022 07:00PM ET,MON,0
LW,Shawn St-Amant (21266599),Shawn St-Amant,21266599,W/UTIL,2500,NJ@MON 02/08/2022 07:00PM ET,MON,0
LW,Rafael Harvey-Pinard (21266601),Rafael Harvey-Pinard,21266601,W/UTIL,2500,NJ@MON 02/08/2022 07:00PM ET,MON,7.13
RW,Alex Belzile (21266603),Alex Belzile,21266603,W/UTIL,2500,NJ@MON 02/08/2022 07:00PM ET,MON,2.36
RW,Justin Ducharme (21266605),Justin Ducharme,21266605,W/UTIL,2500,NJ@MON 02/08/2022 07:00PM ET,MON,0
LW,Brandon Baddock (21266607),Brandon Baddock,21266607,W/UTIL,2500,NJ@MON 02/08/2022 07:00PM ET,MON,0
LW,Lukas Vejdemo (21266609),Lukas Vejdemo,21266609,W/UTIL,2500,NJ@MON 02/08/2022 07:00PM ET,MON,4.78
RW,Jesse Ylonen (21266611),Jesse Ylonen,21266611,W/UTIL,2500,NJ@MON 02/08/2022 07:00PM ET,MON,4.01
LW,A.J. Greer (21266665),A.J. Greer,21266665,W/UTIL,2500,NJ@MON 02/08/2022 07:00PM ET,NJ,1.5
RW,Fabian Zetterlund (21266667),Fabian Zetterlund,21266667,W/UTIL,2500,NJ@MON 02/08/2022 07:00PM ET,NJ,1.93
LW,Nolan Foote (21266669),Nolan Foote,21266669,W/UTIL,2500,NJ@MON 02/08/2022 07:00PM ET,NJ,0.75
RW,Alexander Holtz (21266671),Alexander Holtz,21266671,W/UTIL,2500,NJ@MON 02/08/2022 07:00PM ET,NJ,4.16
RW,Ryan Schmelzer (21266673),Ryan Schmelzer,21266673,W/UTIL,2500,NJ@MON 02/08/2022 07:00PM ET,NJ,0
RW,Chase Stillman (21266675),Chase Stillman,21266675,W/UTIL,2500,NJ@MON 02/08/2022 07:00PM ET,NJ,0
RW,Graeme Clarke (21266677),Graeme Clarke,21266677,W/UTIL,2500,NJ@MON 02/08/2022 07:00PM ET,NJ,0
LW,Joseph Gambardella (21266679),Joseph Gambardella,21266679,W/UTIL,2500,NJ@MON 02/08/2022 07:00PM ET,NJ,0
D,Brett Kulak (21266929),Brett Kulak,21266929,D/UTIL,2500,NJ@MON 02/08/2022 07:00PM ET,MON,3.64
D,Kale Clague (21266931),Kale Clague,21266931,D/UTIL,2500,NJ@MON 02/08/2022 07:00PM ET,MON,3.29
D,Ty Smith (21266939),Ty Smith,21266939,D/UTIL,2500,NJ@MON 02/08/2022 07:00PM ET,NJ,4.86
D,Chris Wideman (21266953),Chris Wideman,21266953,D/UTIL,2500,NJ@MON 02/08/2022 07:00PM ET,MON,4.44
D,Colton White (21266957),Colton White,21266957,D/UTIL,2500,NJ@MON 02/08/2022 07:00PM ET,NJ,2.47
D,Joel Edmundson (21266985),Joel Edmundson,21266985,D/UTIL,2500,NJ@MON 02/08/2022 07:00PM ET,MON,0
D,Mason Geertsen (21266995),Mason Geertsen,21266995,D/UTIL,2500,NJ@MON 02/08/2022 07:00PM ET,NJ,0.93
D,Christian Jaros (21266997),Christian Jaros,21266997,D/UTIL,2500,NJ@MON 02/08/2022 07:00PM ET,NJ,2.41
D,Shea Weber (21267009),Shea Weber,21267009,D/UTIL,2500,NJ@MON 02/08/2022 07:00PM ET,MON,0
D,Otto Leskinen (21267077),Otto Leskinen,21267077,D/UTIL,2500,NJ@MON 02/08/2022 07:00PM ET,MON,0
D,Gianni Fairbrother (21267079),Gianni Fairbrother,21267079,D/UTIL,2500,NJ@MON 02/08/2022 07:00PM ET,MON,0
D,Cody Goloubef (21267081),Cody Goloubef,21267081,D/UTIL,2500,NJ@MON 02/08/2022 07:00PM ET,MON,0
D,Tory Dello (21267083),Tory Dello,21267083,D/UTIL,2500,NJ@MON 02/08/2022 07:00PM ET,MON,0
D,Terrance Amorosa (21267085),Terrance Amorosa,21267085,D/UTIL,2500,NJ@MON 02/08/2022 07:00PM ET,MON,0
D,Josh Brook (21267087),Josh Brook,21267087,D/UTIL,2500,NJ@MON 02/08/2022 07:00PM ET,MON,0
D,Arber Xhekaj (21267089),Arber Xhekaj,21267089,D/UTIL,2500,NJ@MON 02/08/2022 07:00PM ET,MON,0
D,Kaiden Guhle (21267091),Kaiden Guhle,21267091,D/UTIL,2500,NJ@MON 02/08/2022 07:00PM ET,MON,0
D,Corey Schueneman (21267093),Corey Schueneman,21267093,D/UTIL,2500,NJ@MON 02/08/2022 07:00PM ET,MON,5.18
D,Charles-David Beaudoin (21267095),Charles-David Beaudoin,21267095,D/UTIL,2500,NJ@MON 02/08/2022 07:00PM ET,MON,0
D,Tobie Bisson (21267097),Tobie Bisson,21267097,D/UTIL,2500,NJ@MON 02/08/2022 07:00PM ET,MON,0
D,Xavier Ouellet (21267099),Xavier Ouellet,21267099,D/UTIL,2500,NJ@MON 02/08/2022 07:00PM ET,MON,0
D,Sami Niku (21267101),Sami Niku,21267101,D/UTIL,2500,NJ@MON 02/08/2022 07:00PM ET,MON,5.85
D,Carl Neill (21267103),Carl Neill,21267103,D/UTIL,2500,NJ@MON 02/08/2022 07:00PM ET,MON,0
D,Daniil Sobolev (21267105),Daniil Sobolev,21267105,D/UTIL,2500,NJ@MON 02/08/2022 07:00PM ET,MON,0
D,Louie Belpedio (21267107),Louie Belpedio,21267107,D/UTIL,2500,NJ@MON 02/08/2022 07:00PM ET,MON,0
D,Mattias Norlinder (21267109),Mattias Norlinder,21267109,D/UTIL,2500,NJ@MON 02/08/2022 07:00PM ET,MON,1.98
D,Tyler Wotherspoon (21267163),Tyler Wotherspoon,21267163,D/UTIL,2500,NJ@MON 02/08/2022 07:00PM ET,NJ,0
D,Michael Vukojevic (21267165),Michael Vukojevic,21267165,D/UTIL,2500,NJ@MON 02/08/2022 07:00PM ET,NJ,0
D,Shakir Mukhamadullin (21267167),Shakir Mukhamadullin,21267167,D/UTIL,2500,NJ@MON 02/08/2022 07:00PM ET,NJ,0
D,Jeremy Groleau (21267169),Jeremy Groleau,21267169,D/UTIL,2500,NJ@MON 02/08/2022 07:00PM ET,NJ,0
D,Kevin Bahl (21267171),Kevin Bahl,21267171,D/UTIL,2500,NJ@MON 02/08/2022 07:00PM ET,NJ,2.15
D,Reilly Walsh (21267173),Reilly Walsh,21267173,D/UTIL,2500,NJ@MON 02/08/2022 07:00PM ET,NJ,0
D,Nikita Okhotiuk (21267175),Nikita Okhotiuk,21267175,D/UTIL,2500,NJ@MON 02/08/2022 07:00PM ET,NJ,0
D,Robbie Russo (21267177),Robbie Russo,21267177,D/UTIL,2500,NJ@MON 02/08/2022 07:00PM ET,NJ,0